unique_id,unique_test_path,unique_expect_path,source_package,source_relative_path,semantic_key,class,previous_status,previous_expected_compact,previous_actual_compact
0487__s18_STAGE18_MEGA_TEST_CORPUS_TRANSLATORS_PACKAGE__uxm_tests_mega_corpus_example_01_game_score_combo__a67334acd6,uxm\tests\all_expected_known\0487__s18_STAGE18_MEGA_TEST_CORPUS_TRANSLATORS_PACKAGE__uxm_tests_mega_corpus_example_01_game_score_combo__a67334acd6.uxm,uxm\tests\all_expected_known\0487__s18_STAGE18_MEGA_TEST_CORPUS_TRANSLATORS_PACKAGE__uxm_tests_mega_corpus_example_01_game_score_combo__a67334acd6.expect,UXM_V33_STAGE18_MEGA_TEST_CORPUS_TRANSLATORS_PACKAGE,uxm\tests\all_expected_known\0487__s18_STAGE18_MEGA_TEST_CORPUS_TRANSLATORS_PACKAGE__uxm_tests_mega_corpus_example_01_game_score_combo__a67334acd6.uxm,uxm_tests_mega_corpus_example_01_game_score_combo,memory_policy_data_directive,BUILD_FAIL,150300,HATA:databellekustsiniri256KB.Verilen=4096KB.Toplam-politikaicin#memorypolicy=totalkullan.
0489__s18_STAGE18_MEGA_TEST_CORPUS_TRANSLATORS_PACKAGE__uxm_tests_mega_corpus_example_03_game_inventory_vector_sum__b175c33a4f,uxm\tests\all_expected_known\0489__s18_STAGE18_MEGA_TEST_CORPUS_TRANSLATORS_PACKAGE__uxm_tests_mega_corpus_example_03_game_inventory_vector_sum__b175c33a4f.uxm,uxm\tests\all_expected_known\0489__s18_STAGE18_MEGA_TEST_CORPUS_TRANSLATORS_PACKAGE__uxm_tests_mega_corpus_example_03_game_inventory_vector_sum__b175c33a4f.expect,UXM_V33_STAGE18_MEGA_TEST_CORPUS_TRANSLATORS_PACKAGE,uxm\tests\all_expected_known\0489__s18_STAGE18_MEGA_TEST_CORPUS_TRANSLATORS_PACKAGE__uxm_tests_mega_corpus_example_03_game_inventory_vector_sum__b175c33a4f.uxm,uxm_tests_mega_corpus_example_03_game_inventory_vector_sum,memory_policy_data_directive,BUILD_FAIL,21,HATA:databellekustsiniri256KB.Verilen=4096KB.Toplam-politikaicin#memorypolicy=totalkullan.
0497__s18_STAGE18_MEGA_TEST_CORPUS_TRANSLATORS_PACKAGE__uxm_tests_mega_corpus_example_11_tensor2d_sum__aa75c49a1a,uxm\tests\all_expected_known\0497__s18_STAGE18_MEGA_TEST_CORPUS_TRANSLATORS_PACKAGE__uxm_tests_mega_corpus_example_11_tensor2d_sum__aa75c49a1a.uxm,uxm\tests\all_expected_known\0497__s18_STAGE18_MEGA_TEST_CORPUS_TRANSLATORS_PACKAGE__uxm_tests_mega_corpus_example_11_tensor2d_sum__aa75c49a1a.expect,UXM_V33_STAGE18_MEGA_TEST_CORPUS_TRANSLATORS_PACKAGE,uxm\tests\all_expected_known\0497__s18_STAGE18_MEGA_TEST_CORPUS_TRANSLATORS_PACKAGE__uxm_tests_mega_corpus_example_11_tensor2d_sum__aa75c49a1a.uxm,uxm_tests_mega_corpus_example_11_tensor2d_sum,memory_policy_data_directive,BUILD_FAIL,30,HATA:databellekustsiniri256KB.Verilen=4096KB.Toplam-politikaicin#memorypolicy=totalkullan.
0498__s18_STAGE18_MEGA_TEST_CORPUS_TRANSLATORS_PACKAGE__uxm_tests_mega_corpus_example_12_tensor3d_index__ef143e286c,uxm\tests\all_expected_known\0498__s18_STAGE18_MEGA_TEST_CORPUS_TRANSLATORS_PACKAGE__uxm_tests_mega_corpus_example_12_tensor3d_index__ef143e286c.uxm,uxm\tests\all_expected_known\0498__s18_STAGE18_MEGA_TEST_CORPUS_TRANSLATORS_PACKAGE__uxm_tests_mega_corpus_example_12_tensor3d_index__ef143e286c.expect,UXM_V33_STAGE18_MEGA_TEST_CORPUS_TRANSLATORS_PACKAGE,uxm\tests\all_expected_known\0498__s18_STAGE18_MEGA_TEST_CORPUS_TRANSLATORS_PACKAGE__uxm_tests_mega_corpus_example_12_tensor3d_index__ef143e286c.uxm,uxm_tests_mega_corpus_example_12_tensor3d_index,memory_policy_data_directive,BUILD_FAIL,77,HATA:databellekustsiniri256KB.Verilen=4096KB.Toplam-politikaicin#memorypolicy=totalkullan.
0499__s18_STAGE18_MEGA_TEST_CORPUS_TRANSLATORS_PACKAGE__uxm_tests_mega_corpus_example_13_tensor4d_flat_logic__948afdf95a,uxm\tests\all_expected_known\0499__s18_STAGE18_MEGA_TEST_CORPUS_TRANSLATORS_PACKAGE__uxm_tests_mega_corpus_example_13_tensor4d_flat_logic__948afdf95a.uxm,uxm\tests\all_expected_known\0499__s18_STAGE18_MEGA_TEST_CORPUS_TRANSLATORS_PACKAGE__uxm_tests_mega_corpus_example_13_tensor4d_flat_logic__948afdf95a.expect,UXM_V33_STAGE18_MEGA_TEST_CORPUS_TRANSLATORS_PACKAGE,uxm\tests\all_expected_known\0499__s18_STAGE18_MEGA_TEST_CORPUS_TRANSLATORS_PACKAGE__uxm_tests_mega_corpus_example_13_tensor4d_flat_logic__948afdf95a.uxm,uxm_tests_mega_corpus_example_13_tensor4d_flat_logic,memory_policy_data_directive,BUILD_FAIL,88,HATA:databellekustsiniri256KB.Verilen=4096KB.Toplam-politikaicin#memorypolicy=totalkullan.
0502__s18_STAGE18_MEGA_TEST_CORPUS_TRANSLATORS_PACKAGE__uxm_tests_mega_corpus_example_16_ml_linear_prediction__7b2de624f3,uxm\tests\all_expected_known\0502__s18_STAGE18_MEGA_TEST_CORPUS_TRANSLATORS_PACKAGE__uxm_tests_mega_corpus_example_16_ml_linear_prediction__7b2de624f3.uxm,uxm\tests\all_expected_known\0502__s18_STAGE18_MEGA_TEST_CORPUS_TRANSLATORS_PACKAGE__uxm_tests_mega_corpus_example_16_ml_linear_prediction__7b2de624f3.expect,UXM_V33_STAGE18_MEGA_TEST_CORPUS_TRANSLATORS_PACKAGE,uxm\tests\all_expected_known\0502__s18_STAGE18_MEGA_TEST_CORPUS_TRANSLATORS_PACKAGE__uxm_tests_mega_corpus_example_16_ml_linear_prediction__7b2de624f3.uxm,uxm_tests_mega_corpus_example_16_ml_linear_prediction,memory_policy_data_directive,BUILD_FAIL,46,HATA:databellekustsiniri256KB.Verilen=4096KB.Toplam-politikaicin#memorypolicy=totalkullan.
0513__s18_STAGE18_MEGA_TEST_CORPUS_TRANSLATORS_PACKAGE__uxm_tests_mega_corpus_program_domain_02_chemistry_molar_mass_ch4o__bea0c507a1,uxm\tests\all_expected_known\0513__s18_STAGE18_MEGA_TEST_CORPUS_TRANSLATORS_PACKAGE__uxm_tests_mega_corpus_program_domain_02_chemistry_molar_mass_ch4o__bea0c507a1.uxm,uxm\tests\all_expected_known\0513__s18_STAGE18_MEGA_TEST_CORPUS_TRANSLATORS_PACKAGE__uxm_tests_mega_corpus_program_domain_02_chemistry_molar_mass_ch4o__bea0c507a1.expect,UXM_V33_STAGE18_MEGA_TEST_CORPUS_TRANSLATORS_PACKAGE,uxm\tests\all_expected_known\0513__s18_STAGE18_MEGA_TEST_CORPUS_TRANSLATORS_PACKAGE__uxm_tests_mega_corpus_program_domain_02_chemistry_molar_mass_ch4o__bea0c507a1.uxm,uxm_tests_mega_corpus_program_domain_02_chemistry_molar_mass_ch4o,memory_policy_data_directive,BUILD_FAIL,1320,HATA:databellekustsiniri256KB.Verilen=4096KB.Toplam-politikaicin#memorypolicy=totalkullan.
0514__s18_STAGE18_MEGA_TEST_CORPUS_TRANSLATORS_PACKAGE__uxm_tests_mega_corpus_program_domain_03_physics_kinetic_energy_scaled__ee9a9bfc93,uxm\tests\all_expected_known\0514__s18_STAGE18_MEGA_TEST_CORPUS_TRANSLATORS_PACKAGE__uxm_tests_mega_corpus_program_domain_03_physics_kinetic_energy_scaled__ee9a9bfc93.uxm,uxm\tests\all_expected_known\0514__s18_STAGE18_MEGA_TEST_CORPUS_TRANSLATORS_PACKAGE__uxm_tests_mega_corpus_program_domain_03_physics_kinetic_energy_scaled__ee9a9bfc93.expect,UXM_V33_STAGE18_MEGA_TEST_CORPUS_TRANSLATORS_PACKAGE,uxm\tests\all_expected_known\0514__s18_STAGE18_MEGA_TEST_CORPUS_TRANSLATORS_PACKAGE__uxm_tests_mega_corpus_program_domain_03_physics_kinetic_energy_scaled__ee9a9bfc93.uxm,uxm_tests_mega_corpus_program_domain_03_physics_kinetic_energy_scaled,memory_policy_data_directive,BUILD_FAIL,50,HATA:databellekustsiniri256KB.Verilen=4096KB.Toplam-politikaicin#memorypolicy=totalkullan.
0515__s18_STAGE18_MEGA_TEST_CORPUS_TRANSLATORS_PACKAGE__uxm_tests_mega_corpus_program_domain_04_accounting_vat_profit__97929a1f4e,uxm\tests\all_expected_known\0515__s18_STAGE18_MEGA_TEST_CORPUS_TRANSLATORS_PACKAGE__uxm_tests_mega_corpus_program_domain_04_accounting_vat_profit__97929a1f4e.uxm,uxm\tests\all_expected_known\0515__s18_STAGE18_MEGA_TEST_CORPUS_TRANSLATORS_PACKAGE__uxm_tests_mega_corpus_program_domain_04_accounting_vat_profit__97929a1f4e.expect,UXM_V33_STAGE18_MEGA_TEST_CORPUS_TRANSLATORS_PACKAGE,uxm\tests\all_expected_known\0515__s18_STAGE18_MEGA_TEST_CORPUS_TRANSLATORS_PACKAGE__uxm_tests_mega_corpus_program_domain_04_accounting_vat_profit__97929a1f4e.uxm,uxm_tests_mega_corpus_program_domain_04_accounting_vat_profit,memory_policy_data_directive,BUILD_FAIL,180200,HATA:databellekustsiniri256KB.Verilen=4096KB.Toplam-politikaicin#memorypolicy=totalkullan.
0518__s18_STAGE18_MEGA_TEST_CORPUS_TRANSLATORS_PACKAGE__uxm_tests_mega_corpus_test_mega_cmd_dynamic_meta_addr__6a0e5ee1a9,uxm\tests\all_expected_known\0518__s18_STAGE18_MEGA_TEST_CORPUS_TRANSLATORS_PACKAGE__uxm_tests_mega_corpus_test_mega_cmd_dynamic_meta_addr__6a0e5ee1a9.uxm,uxm\tests\all_expected_known\0518__s18_STAGE18_MEGA_TEST_CORPUS_TRANSLATORS_PACKAGE__uxm_tests_mega_corpus_test_mega_cmd_dynamic_meta_addr__6a0e5ee1a9.expect,UXM_V33_STAGE18_MEGA_TEST_CORPUS_TRANSLATORS_PACKAGE,uxm\tests\all_expected_known\0518__s18_STAGE18_MEGA_TEST_CORPUS_TRANSLATORS_PACKAGE__uxm_tests_mega_corpus_test_mega_cmd_dynamic_meta_addr__6a0e5ee1a9.uxm,uxm_tests_mega_corpus_test_mega_cmd_dynamic_meta_addr,memory_policy_data_directive,BUILD_FAIL,33,HATA:databellekustsiniri256KB.Verilen=4096KB.Toplam-politikaicin#memorypolicy=totalkullan.
0519__s18_STAGE18_MEGA_TEST_CORPUS_TRANSLATORS_PACKAGE__uxm_tests_mega_corpus_test_mega_cmd_forced_host_meta__9ff7eecddb,uxm\tests\all_expected_known\0519__s18_STAGE18_MEGA_TEST_CORPUS_TRANSLATORS_PACKAGE__uxm_tests_mega_corpus_test_mega_cmd_forced_host_meta__9ff7eecddb.uxm,uxm\tests\all_expected_known\0519__s18_STAGE18_MEGA_TEST_CORPUS_TRANSLATORS_PACKAGE__uxm_tests_mega_corpus_test_mega_cmd_forced_host_meta__9ff7eecddb.expect,UXM_V33_STAGE18_MEGA_TEST_CORPUS_TRANSLATORS_PACKAGE,uxm\tests\all_expected_known\0519__s18_STAGE18_MEGA_TEST_CORPUS_TRANSLATORS_PACKAGE__uxm_tests_mega_corpus_test_mega_cmd_forced_host_meta__9ff7eecddb.uxm,uxm_tests_mega_corpus_test_mega_cmd_forced_host_meta,memory_policy_data_directive,BUILD_FAIL,5,HATA:databellekustsiniri256KB.Verilen=4096KB.Toplam-politikaicin#memorypolicy=totalkullan.
0520__s18_STAGE18_MEGA_TEST_CORPUS_TRANSLATORS_PACKAGE__uxm_tests_mega_corpus_test_mega_cmd_immediate_add__c26151b3c9,uxm\tests\all_expected_known\0520__s18_STAGE18_MEGA_TEST_CORPUS_TRANSLATORS_PACKAGE__uxm_tests_mega_corpus_test_mega_cmd_immediate_add__c26151b3c9.uxm,uxm\tests\all_expected_known\0520__s18_STAGE18_MEGA_TEST_CORPUS_TRANSLATORS_PACKAGE__uxm_tests_mega_corpus_test_mega_cmd_immediate_add__c26151b3c9.expect,UXM_V33_STAGE18_MEGA_TEST_CORPUS_TRANSLATORS_PACKAGE,uxm\tests\all_expected_known\0520__s18_STAGE18_MEGA_TEST_CORPUS_TRANSLATORS_PACKAGE__uxm_tests_mega_corpus_test_mega_cmd_immediate_add__c26151b3c9.uxm,uxm_tests_mega_corpus_test_mega_cmd_immediate_add,memory_policy_data_directive,BUILD_FAIL,15,HATA:databellekustsiniri256KB.Verilen=4096KB.Toplam-politikaicin#memorypolicy=totalkullan.
0521__s18_STAGE18_MEGA_TEST_CORPUS_TRANSLATORS_PACKAGE__uxm_tests_mega_corpus_test_mega_cmd_immediate_sub__d5b6549c24,uxm\tests\all_expected_known\0521__s18_STAGE18_MEGA_TEST_CORPUS_TRANSLATORS_PACKAGE__uxm_tests_mega_corpus_test_mega_cmd_immediate_sub__d5b6549c24.uxm,uxm\tests\all_expected_known\0521__s18_STAGE18_MEGA_TEST_CORPUS_TRANSLATORS_PACKAGE__uxm_tests_mega_corpus_test_mega_cmd_immediate_sub__d5b6549c24.expect,UXM_V33_STAGE18_MEGA_TEST_CORPUS_TRANSLATORS_PACKAGE,uxm\tests\all_expected_known\0521__s18_STAGE18_MEGA_TEST_CORPUS_TRANSLATORS_PACKAGE__uxm_tests_mega_corpus_test_mega_cmd_immediate_sub__d5b6549c24.uxm,uxm_tests_mega_corpus_test_mega_cmd_immediate_sub,memory_policy_data_directive,BUILD_FAIL,7,HATA:databellekustsiniri256KB.Verilen=4096KB.Toplam-politikaicin#memorypolicy=totalkullan.
0523__s18_STAGE18_MEGA_TEST_CORPUS_TRANSLATORS_PACKAGE__uxm_tests_mega_corpus_test_mega_cmd_stack_push_pop__2e1188b1ae,uxm\tests\all_expected_known\0523__s18_STAGE18_MEGA_TEST_CORPUS_TRANSLATORS_PACKAGE__uxm_tests_mega_corpus_test_mega_cmd_stack_push_pop__2e1188b1ae.uxm,uxm\tests\all_expected_known\0523__s18_STAGE18_MEGA_TEST_CORPUS_TRANSLATORS_PACKAGE__uxm_tests_mega_corpus_test_mega_cmd_stack_push_pop__2e1188b1ae.expect,UXM_V33_STAGE18_MEGA_TEST_CORPUS_TRANSLATORS_PACKAGE,uxm\tests\all_expected_known\0523__s18_STAGE18_MEGA_TEST_CORPUS_TRANSLATORS_PACKAGE__uxm_tests_mega_corpus_test_mega_cmd_stack_push_pop__2e1188b1ae.uxm,uxm_tests_mega_corpus_test_mega_cmd_stack_push_pop,memory_policy_data_directive,BUILD_FAIL,65,HATA:databellekustsiniri256KB.Verilen=4096KB.Toplam-politikaicin#memorypolicy=totalkullan.
0528__s18_STAGE18_MEGA_TEST_CORPUS_TRANSLATORS_PACKAGE__uxm_tests_mega_corpus_test_mega_service_007_const_7__09bcbd9ed7,uxm\tests\all_expected_known\0528__s18_STAGE18_MEGA_TEST_CORPUS_TRANSLATORS_PACKAGE__uxm_tests_mega_corpus_test_mega_service_007_const_7__09bcbd9ed7.uxm,uxm\tests\all_expected_known\0528__s18_STAGE18_MEGA_TEST_CORPUS_TRANSLATORS_PACKAGE__uxm_tests_mega_corpus_test_mega_service_007_const_7__09bcbd9ed7.expect,UXM_V33_STAGE18_MEGA_TEST_CORPUS_TRANSLATORS_PACKAGE,uxm\tests\all_expected_known\0528__s18_STAGE18_MEGA_TEST_CORPUS_TRANSLATORS_PACKAGE__uxm_tests_mega_corpus_test_mega_service_007_const_7__09bcbd9ed7.uxm,uxm_tests_mega_corpus_test_mega_service_007_const_7,memory_policy_data_directive,BUILD_FAIL,7,HATA:databellekustsiniri256KB.Verilen=4096KB.Toplam-politikaicin#memorypolicy=totalkullan.
0529__s18_STAGE18_MEGA_TEST_CORPUS_TRANSLATORS_PACKAGE__uxm_tests_mega_corpus_test_mega_service_008_const_8__8ea967a66a,uxm\tests\all_expected_known\0529__s18_STAGE18_MEGA_TEST_CORPUS_TRANSLATORS_PACKAGE__uxm_tests_mega_corpus_test_mega_service_008_const_8__8ea967a66a.uxm,uxm\tests\all_expected_known\0529__s18_STAGE18_MEGA_TEST_CORPUS_TRANSLATORS_PACKAGE__uxm_tests_mega_corpus_test_mega_service_008_const_8__8ea967a66a.expect,UXM_V33_STAGE18_MEGA_TEST_CORPUS_TRANSLATORS_PACKAGE,uxm\tests\all_expected_known\0529__s18_STAGE18_MEGA_TEST_CORPUS_TRANSLATORS_PACKAGE__uxm_tests_mega_corpus_test_mega_service_008_const_8__8ea967a66a.uxm,uxm_tests_mega_corpus_test_mega_service_008_const_8,memory_policy_data_directive,BUILD_FAIL,8,HATA:databellekustsiniri256KB.Verilen=4096KB.Toplam-politikaicin#memorypolicy=totalkullan.
0537__s18_STAGE18_MEGA_TEST_CORPUS_TRANSLATORS_PACKAGE__uxm_tests_mega_corpus_test_mega_service_020_add__e9f9c61b77,uxm\tests\all_expected_known\0537__s18_STAGE18_MEGA_TEST_CORPUS_TRANSLATORS_PACKAGE__uxm_tests_mega_corpus_test_mega_service_020_add__e9f9c61b77.uxm,uxm\tests\all_expected_known\0537__s18_STAGE18_MEGA_TEST_CORPUS_TRANSLATORS_PACKAGE__uxm_tests_mega_corpus_test_mega_service_020_add__e9f9c61b77.expect,UXM_V33_STAGE18_MEGA_TEST_CORPUS_TRANSLATORS_PACKAGE,uxm\tests\all_expected_known\0537__s18_STAGE18_MEGA_TEST_CORPUS_TRANSLATORS_PACKAGE__uxm_tests_mega_corpus_test_mega_service_020_add__e9f9c61b77.uxm,uxm_tests_mega_corpus_test_mega_service_020_add,memory_policy_data_directive,BUILD_FAIL,30,HATA:databellekustsiniri256KB.Verilen=4096KB.Toplam-politikaicin#memorypolicy=totalkullan.
0538__s18_STAGE18_MEGA_TEST_CORPUS_TRANSLATORS_PACKAGE__uxm_tests_mega_corpus_test_mega_service_021_sub__fa56f66ae5,uxm\tests\all_expected_known\0538__s18_STAGE18_MEGA_TEST_CORPUS_TRANSLATORS_PACKAGE__uxm_tests_mega_corpus_test_mega_service_021_sub__fa56f66ae5.uxm,uxm\tests\all_expected_known\0538__s18_STAGE18_MEGA_TEST_CORPUS_TRANSLATORS_PACKAGE__uxm_tests_mega_corpus_test_mega_service_021_sub__fa56f66ae5.expect,UXM_V33_STAGE18_MEGA_TEST_CORPUS_TRANSLATORS_PACKAGE,uxm\tests\all_expected_known\0538__s18_STAGE18_MEGA_TEST_CORPUS_TRANSLATORS_PACKAGE__uxm_tests_mega_corpus_test_mega_service_021_sub__fa56f66ae5.uxm,uxm_tests_mega_corpus_test_mega_service_021_sub,memory_policy_data_directive,BUILD_FAIL,30,HATA:databellekustsiniri256KB.Verilen=4096KB.Toplam-politikaicin#memorypolicy=totalkullan.
0539__s18_STAGE18_MEGA_TEST_CORPUS_TRANSLATORS_PACKAGE__uxm_tests_mega_corpus_test_mega_service_022_mul__8a23bbac00,uxm\tests\all_expected_known\0539__s18_STAGE18_MEGA_TEST_CORPUS_TRANSLATORS_PACKAGE__uxm_tests_mega_corpus_test_mega_service_022_mul__8a23bbac00.uxm,uxm\tests\all_expected_known\0539__s18_STAGE18_MEGA_TEST_CORPUS_TRANSLATORS_PACKAGE__uxm_tests_mega_corpus_test_mega_service_022_mul__8a23bbac00.expect,UXM_V33_STAGE18_MEGA_TEST_CORPUS_TRANSLATORS_PACKAGE,uxm\tests\all_expected_known\0539__s18_STAGE18_MEGA_TEST_CORPUS_TRANSLATORS_PACKAGE__uxm_tests_mega_corpus_test_mega_service_022_mul__8a23bbac00.uxm,uxm_tests_mega_corpus_test_mega_service_022_mul,memory_policy_data_directive,BUILD_FAIL,42,HATA:databellekustsiniri256KB.Verilen=4096KB.Toplam-politikaicin#memorypolicy=totalkullan.
0540__s18_STAGE18_MEGA_TEST_CORPUS_TRANSLATORS_PACKAGE__uxm_tests_mega_corpus_test_mega_service_023_div__00b38f2e5c,uxm\tests\all_expected_known\0540__s18_STAGE18_MEGA_TEST_CORPUS_TRANSLATORS_PACKAGE__uxm_tests_mega_corpus_test_mega_service_023_div__00b38f2e5c.uxm,uxm\tests\all_expected_known\0540__s18_STAGE18_MEGA_TEST_CORPUS_TRANSLATORS_PACKAGE__uxm_tests_mega_corpus_test_mega_service_023_div__00b38f2e5c.expect,UXM_V33_STAGE18_MEGA_TEST_CORPUS_TRANSLATORS_PACKAGE,uxm\tests\all_expected_known\0540__s18_STAGE18_MEGA_TEST_CORPUS_TRANSLATORS_PACKAGE__uxm_tests_mega_corpus_test_mega_service_023_div__00b38f2e5c.uxm,uxm_tests_mega_corpus_test_mega_service_023_div,memory_policy_data_directive,BUILD_FAIL,4,HATA:databellekustsiniri256KB.Verilen=4096KB.Toplam-politikaicin#memorypolicy=totalkullan.
0541__s18_STAGE18_MEGA_TEST_CORPUS_TRANSLATORS_PACKAGE__uxm_tests_mega_corpus_test_mega_service_024_mod__a5558b5934,uxm\tests\all_expected_known\0541__s18_STAGE18_MEGA_TEST_CORPUS_TRANSLATORS_PACKAGE__uxm_tests_mega_corpus_test_mega_service_024_mod__a5558b5934.uxm,uxm\tests\all_expected_known\0541__s18_STAGE18_MEGA_TEST_CORPUS_TRANSLATORS_PACKAGE__uxm_tests_mega_corpus_test_mega_service_024_mod__a5558b5934.expect,UXM_V33_STAGE18_MEGA_TEST_CORPUS_TRANSLATORS_PACKAGE,uxm\tests\all_expected_known\0541__s18_STAGE18_MEGA_TEST_CORPUS_TRANSLATORS_PACKAGE__uxm_tests_mega_corpus_test_mega_service_024_mod__a5558b5934.uxm,uxm_tests_mega_corpus_test_mega_service_024_mod,memory_policy_data_directive,BUILD_FAIL,3,HATA:databellekustsiniri256KB.Verilen=4096KB.Toplam-politikaicin#memorypolicy=totalkullan.
0542__s18_STAGE18_MEGA_TEST_CORPUS_TRANSLATORS_PACKAGE__uxm_tests_mega_corpus_test_mega_service_025_min__d0d8a2723b,uxm\tests\all_expected_known\0542__s18_STAGE18_MEGA_TEST_CORPUS_TRANSLATORS_PACKAGE__uxm_tests_mega_corpus_test_mega_service_025_min__d0d8a2723b.uxm,uxm\tests\all_expected_known\0542__s18_STAGE18_MEGA_TEST_CORPUS_TRANSLATORS_PACKAGE__uxm_tests_mega_corpus_test_mega_service_025_min__d0d8a2723b.expect,UXM_V33_STAGE18_MEGA_TEST_CORPUS_TRANSLATORS_PACKAGE,uxm\tests\all_expected_known\0542__s18_STAGE18_MEGA_TEST_CORPUS_TRANSLATORS_PACKAGE__uxm_tests_mega_corpus_test_mega_service_025_min__d0d8a2723b.uxm,uxm_tests_mega_corpus_test_mega_service_025_min,memory_policy_data_directive,BUILD_FAIL,3,HATA:databellekustsiniri256KB.Verilen=4096KB.Toplam-politikaicin#memorypolicy=totalkullan.
0543__s18_STAGE18_MEGA_TEST_CORPUS_TRANSLATORS_PACKAGE__uxm_tests_mega_corpus_test_mega_service_026_max__31d56e97f6,uxm\tests\all_expected_known\0543__s18_STAGE18_MEGA_TEST_CORPUS_TRANSLATORS_PACKAGE__uxm_tests_mega_corpus_test_mega_service_026_max__31d56e97f6.uxm,uxm\tests\all_expected_known\0543__s18_STAGE18_MEGA_TEST_CORPUS_TRANSLATORS_PACKAGE__uxm_tests_mega_corpus_test_mega_service_026_max__31d56e97f6.expect,UXM_V33_STAGE18_MEGA_TEST_CORPUS_TRANSLATORS_PACKAGE,uxm\tests\all_expected_known\0543__s18_STAGE18_MEGA_TEST_CORPUS_TRANSLATORS_PACKAGE__uxm_tests_mega_corpus_test_mega_service_026_max__31d56e97f6.uxm,uxm_tests_mega_corpus_test_mega_service_026_max,memory_policy_data_directive,BUILD_FAIL,8,HATA:databellekustsiniri256KB.Verilen=4096KB.Toplam-politikaicin#memorypolicy=totalkullan.
0544__s18_STAGE18_MEGA_TEST_CORPUS_TRANSLATORS_PACKAGE__uxm_tests_mega_corpus_test_mega_service_027_abs_arg2__9f7689021d,uxm\tests\all_expected_known\0544__s18_STAGE18_MEGA_TEST_CORPUS_TRANSLATORS_PACKAGE__uxm_tests_mega_corpus_test_mega_service_027_abs_arg2__9f7689021d.uxm,uxm\tests\all_expected_known\0544__s18_STAGE18_MEGA_TEST_CORPUS_TRANSLATORS_PACKAGE__uxm_tests_mega_corpus_test_mega_service_027_abs_arg2__9f7689021d.expect,UXM_V33_STAGE18_MEGA_TEST_CORPUS_TRANSLATORS_PACKAGE,uxm\tests\all_expected_known\0544__s18_STAGE18_MEGA_TEST_CORPUS_TRANSLATORS_PACKAGE__uxm_tests_mega_corpus_test_mega_service_027_abs_arg2__9f7689021d.uxm,uxm_tests_mega_corpus_test_mega_service_027_abs_arg2,memory_policy_data_directive,BUILD_FAIL,9,HATA:databellekustsiniri256KB.Verilen=4096KB.Toplam-politikaicin#memorypolicy=totalkullan.
0545__s18_STAGE18_MEGA_TEST_CORPUS_TRANSLATORS_PACKAGE__uxm_tests_mega_corpus_test_mega_service_028_neg_arg2__1168d32204,uxm\tests\all_expected_known\0545__s18_STAGE18_MEGA_TEST_CORPUS_TRANSLATORS_PACKAGE__uxm_tests_mega_corpus_test_mega_service_028_neg_arg2__1168d32204.uxm,uxm\tests\all_expected_known\0545__s18_STAGE18_MEGA_TEST_CORPUS_TRANSLATORS_PACKAGE__uxm_tests_mega_corpus_test_mega_service_028_neg_arg2__1168d32204.expect,UXM_V33_STAGE18_MEGA_TEST_CORPUS_TRANSLATORS_PACKAGE,uxm\tests\all_expected_known\0545__s18_STAGE18_MEGA_TEST_CORPUS_TRANSLATORS_PACKAGE__uxm_tests_mega_corpus_test_mega_service_028_neg_arg2__1168d32204.uxm,uxm_tests_mega_corpus_test_mega_service_028_neg_arg2,memory_policy_data_directive,BUILD_FAIL,-9,HATA:databellekustsiniri256KB.Verilen=4096KB.Toplam-politikaicin#memorypolicy=totalkullan.
0546__s18_STAGE18_MEGA_TEST_CORPUS_TRANSLATORS_PACKAGE__uxm_tests_mega_corpus_test_mega_service_029_cmp__d790ef44ef,uxm\tests\all_expected_known\0546__s18_STAGE18_MEGA_TEST_CORPUS_TRANSLATORS_PACKAGE__uxm_tests_mega_corpus_test_mega_service_029_cmp__d790ef44ef.uxm,uxm\tests\all_expected_known\0546__s18_STAGE18_MEGA_TEST_CORPUS_TRANSLATORS_PACKAGE__uxm_tests_mega_corpus_test_mega_service_029_cmp__d790ef44ef.expect,UXM_V33_STAGE18_MEGA_TEST_CORPUS_TRANSLATORS_PACKAGE,uxm\tests\all_expected_known\0546__s18_STAGE18_MEGA_TEST_CORPUS_TRANSLATORS_PACKAGE__uxm_tests_mega_corpus_test_mega_service_029_cmp__d790ef44ef.uxm,uxm_tests_mega_corpus_test_mega_service_029_cmp,memory_policy_data_directive,BUILD_FAIL,0,HATA:databellekustsiniri256KB.Verilen=4096KB.Toplam-politikaicin#memorypolicy=totalkullan.
0550__s18_STAGE18_MEGA_TEST_CORPUS_TRANSLATORS_PACKAGE__uxm_tests_mega_corpus_test_mega_service_033_div_unsigned_alias__116fd40778,uxm\tests\all_expected_known\0550__s18_STAGE18_MEGA_TEST_CORPUS_TRANSLATORS_PACKAGE__uxm_tests_mega_corpus_test_mega_service_033_div_unsigned_alias__116fd40778.uxm,uxm\tests\all_expected_known\0550__s18_STAGE18_MEGA_TEST_CORPUS_TRANSLATORS_PACKAGE__uxm_tests_mega_corpus_test_mega_service_033_div_unsigned_alias__116fd40778.expect,UXM_V33_STAGE18_MEGA_TEST_CORPUS_TRANSLATORS_PACKAGE,uxm\tests\all_expected_known\0550__s18_STAGE18_MEGA_TEST_CORPUS_TRANSLATORS_PACKAGE__uxm_tests_mega_corpus_test_mega_service_033_div_unsigned_alias__116fd40778.uxm,uxm_tests_mega_corpus_test_mega_service_033_div_unsigned_alias,memory_policy_data_directive,BUILD_FAIL,4,HATA:databellekustsiniri256KB.Verilen=4096KB.Toplam-politikaicin#memorypolicy=totalkullan.
0551__s18_STAGE18_MEGA_TEST_CORPUS_TRANSLATORS_PACKAGE__uxm_tests_mega_corpus_test_mega_service_034_div_signed__b853dff78c,uxm\tests\all_expected_known\0551__s18_STAGE18_MEGA_TEST_CORPUS_TRANSLATORS_PACKAGE__uxm_tests_mega_corpus_test_mega_service_034_div_signed__b853dff78c.uxm,uxm\tests\all_expected_known\0551__s18_STAGE18_MEGA_TEST_CORPUS_TRANSLATORS_PACKAGE__uxm_tests_mega_corpus_test_mega_service_034_div_signed__b853dff78c.expect,UXM_V33_STAGE18_MEGA_TEST_CORPUS_TRANSLATORS_PACKAGE,uxm\tests\all_expected_known\0551__s18_STAGE18_MEGA_TEST_CORPUS_TRANSLATORS_PACKAGE__uxm_tests_mega_corpus_test_mega_service_034_div_signed__b853dff78c.uxm,uxm_tests_mega_corpus_test_mega_service_034_div_signed,memory_policy_data_directive,BUILD_FAIL,4,HATA:databellekustsiniri256KB.Verilen=4096KB.Toplam-politikaicin#memorypolicy=totalkullan.
0552__s18_STAGE18_MEGA_TEST_CORPUS_TRANSLATORS_PACKAGE__uxm_tests_mega_corpus_test_mega_service_035_mod_unsigned_alias__fe2e94cf65,uxm\tests\all_expected_known\0552__s18_STAGE18_MEGA_TEST_CORPUS_TRANSLATORS_PACKAGE__uxm_tests_mega_corpus_test_mega_service_035_mod_unsigned_alias__fe2e94cf65.uxm,uxm\tests\all_expected_known\0552__s18_STAGE18_MEGA_TEST_CORPUS_TRANSLATORS_PACKAGE__uxm_tests_mega_corpus_test_mega_service_035_mod_unsigned_alias__fe2e94cf65.expect,UXM_V33_STAGE18_MEGA_TEST_CORPUS_TRANSLATORS_PACKAGE,uxm\tests\all_expected_known\0552__s18_STAGE18_MEGA_TEST_CORPUS_TRANSLATORS_PACKAGE__uxm_tests_mega_corpus_test_mega_service_035_mod_unsigned_alias__fe2e94cf65.uxm,uxm_tests_mega_corpus_test_mega_service_035_mod_unsigned_alias,memory_policy_data_directive,BUILD_FAIL,3,HATA:databellekustsiniri256KB.Verilen=4096KB.Toplam-politikaicin#memorypolicy=totalkullan.
0553__s18_STAGE18_MEGA_TEST_CORPUS_TRANSLATORS_PACKAGE__uxm_tests_mega_corpus_test_mega_service_036_mod_signed__985eb4a0cc,uxm\tests\all_expected_known\0553__s18_STAGE18_MEGA_TEST_CORPUS_TRANSLATORS_PACKAGE__uxm_tests_mega_corpus_test_mega_service_036_mod_signed__985eb4a0cc.uxm,uxm\tests\all_expected_known\0553__s18_STAGE18_MEGA_TEST_CORPUS_TRANSLATORS_PACKAGE__uxm_tests_mega_corpus_test_mega_service_036_mod_signed__985eb4a0cc.expect,UXM_V33_STAGE18_MEGA_TEST_CORPUS_TRANSLATORS_PACKAGE,uxm\tests\all_expected_known\0553__s18_STAGE18_MEGA_TEST_CORPUS_TRANSLATORS_PACKAGE__uxm_tests_mega_corpus_test_mega_service_036_mod_signed__985eb4a0cc.uxm,uxm_tests_mega_corpus_test_mega_service_036_mod_signed,memory_policy_data_directive,BUILD_FAIL,3,HATA:databellekustsiniri256KB.Verilen=4096KB.Toplam-politikaicin#memorypolicy=totalkullan.
0557__s18_STAGE18_MEGA_TEST_CORPUS_TRANSLATORS_PACKAGE__uxm_tests_mega_corpus_test_mega_service_043_hypotenuse__999e2a2fb3,uxm\tests\all_expected_known\0557__s18_STAGE18_MEGA_TEST_CORPUS_TRANSLATORS_PACKAGE__uxm_tests_mega_corpus_test_mega_service_043_hypotenuse__999e2a2fb3.uxm,uxm\tests\all_expected_known\0557__s18_STAGE18_MEGA_TEST_CORPUS_TRANSLATORS_PACKAGE__uxm_tests_mega_corpus_test_mega_service_043_hypotenuse__999e2a2fb3.expect,UXM_V33_STAGE18_MEGA_TEST_CORPUS_TRANSLATORS_PACKAGE,uxm\tests\all_expected_known\0557__s18_STAGE18_MEGA_TEST_CORPUS_TRANSLATORS_PACKAGE__uxm_tests_mega_corpus_test_mega_service_043_hypotenuse__999e2a2fb3.uxm,uxm_tests_mega_corpus_test_mega_service_043_hypotenuse,memory_policy_data_directive,BUILD_FAIL,5,HATA:databellekustsiniri256KB.Verilen=4096KB.Toplam-politikaicin#memorypolicy=totalkullan.
0560__s18_STAGE18_MEGA_TEST_CORPUS_TRANSLATORS_PACKAGE__uxm_tests_mega_corpus_test_mega_service_046_sqrt__829cbc4853,uxm\tests\all_expected_known\0560__s18_STAGE18_MEGA_TEST_CORPUS_TRANSLATORS_PACKAGE__uxm_tests_mega_corpus_test_mega_service_046_sqrt__829cbc4853.uxm,uxm\tests\all_expected_known\0560__s18_STAGE18_MEGA_TEST_CORPUS_TRANSLATORS_PACKAGE__uxm_tests_mega_corpus_test_mega_service_046_sqrt__829cbc4853.expect,UXM_V33_STAGE18_MEGA_TEST_CORPUS_TRANSLATORS_PACKAGE,uxm\tests\all_expected_known\0560__s18_STAGE18_MEGA_TEST_CORPUS_TRANSLATORS_PACKAGE__uxm_tests_mega_corpus_test_mega_service_046_sqrt__829cbc4853.uxm,uxm_tests_mega_corpus_test_mega_service_046_sqrt,memory_policy_data_directive,BUILD_FAIL,5,HATA:databellekustsiniri256KB.Verilen=4096KB.Toplam-politikaicin#memorypolicy=totalkullan.
0569__s18_STAGE18_MEGA_TEST_CORPUS_TRANSLATORS_PACKAGE__uxm_tests_mega_corpus_test_mega_service_057_power__500966fa01,uxm\tests\all_expected_known\0569__s18_STAGE18_MEGA_TEST_CORPUS_TRANSLATORS_PACKAGE__uxm_tests_mega_corpus_test_mega_service_057_power__500966fa01.uxm,uxm\tests\all_expected_known\0569__s18_STAGE18_MEGA_TEST_CORPUS_TRANSLATORS_PACKAGE__uxm_tests_mega_corpus_test_mega_service_057_power__500966fa01.expect,UXM_V33_STAGE18_MEGA_TEST_CORPUS_TRANSLATORS_PACKAGE,uxm\tests\all_expected_known\0569__s18_STAGE18_MEGA_TEST_CORPUS_TRANSLATORS_PACKAGE__uxm_tests_mega_corpus_test_mega_service_057_power__500966fa01.uxm,uxm_tests_mega_corpus_test_mega_service_057_power,memory_policy_data_directive,BUILD_FAIL,256,HATA:databellekustsiniri256KB.Verilen=4096KB.Toplam-politikaicin#memorypolicy=totalkullan.
0572__s18_STAGE18_MEGA_TEST_CORPUS_TRANSLATORS_PACKAGE__uxm_tests_mega_corpus_test_mega_service_060_print_arg2_decimal__06fcdc8471,uxm\tests\all_expected_known\0572__s18_STAGE18_MEGA_TEST_CORPUS_TRANSLATORS_PACKAGE__uxm_tests_mega_corpus_test_mega_service_060_print_arg2_decimal__06fcdc8471.uxm,uxm\tests\all_expected_known\0572__s18_STAGE18_MEGA_TEST_CORPUS_TRANSLATORS_PACKAGE__uxm_tests_mega_corpus_test_mega_service_060_print_arg2_decimal__06fcdc8471.expect,UXM_V33_STAGE18_MEGA_TEST_CORPUS_TRANSLATORS_PACKAGE,uxm\tests\all_expected_known\0572__s18_STAGE18_MEGA_TEST_CORPUS_TRANSLATORS_PACKAGE__uxm_tests_mega_corpus_test_mega_service_060_print_arg2_decimal__06fcdc8471.uxm,uxm_tests_mega_corpus_test_mega_service_060_print_arg2_decimal,memory_policy_data_directive,BUILD_FAIL,77,HATA:databellekustsiniri256KB.Verilen=4096KB.Toplam-politikaicin#memorypolicy=totalkullan.
0573__s18_STAGE18_MEGA_TEST_CORPUS_TRANSLATORS_PACKAGE__uxm_tests_mega_corpus_test_mega_service_061_print_result_decimal__3545f540a4,uxm\tests\all_expected_known\0573__s18_STAGE18_MEGA_TEST_CORPUS_TRANSLATORS_PACKAGE__uxm_tests_mega_corpus_test_mega_service_061_print_result_decimal__3545f540a4.uxm,uxm\tests\all_expected_known\0573__s18_STAGE18_MEGA_TEST_CORPUS_TRANSLATORS_PACKAGE__uxm_tests_mega_corpus_test_mega_service_061_print_result_decimal__3545f540a4.expect,UXM_V33_STAGE18_MEGA_TEST_CORPUS_TRANSLATORS_PACKAGE,uxm\tests\all_expected_known\0573__s18_STAGE18_MEGA_TEST_CORPUS_TRANSLATORS_PACKAGE__uxm_tests_mega_corpus_test_mega_service_061_print_result_decimal__3545f540a4.uxm,uxm_tests_mega_corpus_test_mega_service_061_print_result_decimal,memory_policy_data_directive,BUILD_FAIL,3,HATA:databellekustsiniri256KB.Verilen=4096KB.Toplam-politikaicin#memorypolicy=totalkullan.
0574__s18_STAGE18_MEGA_TEST_CORPUS_TRANSLATORS_PACKAGE__uxm_tests_mega_corpus_test_mega_service_062_print_stack_pop_decimal__7d86d23ca6,uxm\tests\all_expected_known\0574__s18_STAGE18_MEGA_TEST_CORPUS_TRANSLATORS_PACKAGE__uxm_tests_mega_corpus_test_mega_service_062_print_stack_pop_decimal__7d86d23ca6.uxm,uxm\tests\all_expected_known\0574__s18_STAGE18_MEGA_TEST_CORPUS_TRANSLATORS_PACKAGE__uxm_tests_mega_corpus_test_mega_service_062_print_stack_pop_decimal__7d86d23ca6.expect,UXM_V33_STAGE18_MEGA_TEST_CORPUS_TRANSLATORS_PACKAGE,uxm\tests\all_expected_known\0574__s18_STAGE18_MEGA_TEST_CORPUS_TRANSLATORS_PACKAGE__uxm_tests_mega_corpus_test_mega_service_062_print_stack_pop_decimal__7d86d23ca6.uxm,uxm_tests_mega_corpus_test_mega_service_062_print_stack_pop_decimal,memory_policy_data_directive,BUILD_FAIL,88,HATA:databellekustsiniri256KB.Verilen=4096KB.Toplam-politikaicin#memorypolicy=totalkullan.
0578__s18_STAGE18_MEGA_TEST_CORPUS_TRANSLATORS_PACKAGE__uxm_tests_mega_corpus_test_mega_service_069_print_arg2_char__9a9abacf17,uxm\tests\all_expected_known\0578__s18_STAGE18_MEGA_TEST_CORPUS_TRANSLATORS_PACKAGE__uxm_tests_mega_corpus_test_mega_service_069_print_arg2_char__9a9abacf17.uxm,uxm\tests\all_expected_known\0578__s18_STAGE18_MEGA_TEST_CORPUS_TRANSLATORS_PACKAGE__uxm_tests_mega_corpus_test_mega_service_069_print_arg2_char__9a9abacf17.expect,UXM_V33_STAGE18_MEGA_TEST_CORPUS_TRANSLATORS_PACKAGE,uxm\tests\all_expected_known\0578__s18_STAGE18_MEGA_TEST_CORPUS_TRANSLATORS_PACKAGE__uxm_tests_mega_corpus_test_mega_service_069_print_arg2_char__9a9abacf17.uxm,uxm_tests_mega_corpus_test_mega_service_069_print_arg2_char,memory_policy_data_directive,BUILD_FAIL,A,HATA:databellekustsiniri256KB.Verilen=4096KB.Toplam-politikaicin#memorypolicy=totalkullan.
