actual_compact,classification,expect_path,expected_compact,index,message,mode,program_log,raw_log,return_code,seconds,source,status,test_path,unique_id
HATA:databellekustsiniri256KB.Verilen=4096KB.Toplam-politikaicin#memorypolicy=totalkullan.,BUILD_OR_RUNTIME_ERROR,uxm\tests\all_expected_known\0487__s18_STAGE18_MEGA_TEST_CORPUS_TRANSLATORS_PACKAGE__uxm_tests_mega_corpus_example_01_game_score_combo__a67334acd6.expect,150300,394,exit_code expected=0 actual=1,compact,expected_results_v2\all_expected_v2_20260510_141605\program_outputs\0394_0487__s18_STAGE18_MEGA_TEST_CORPUS_TRANSLATORS_PACKAGE__uxm_tests_mega_corpus_example_01_game_score_combo__a67334acd6.program.txt,expected_results_v2\all_expected_v2_20260510_141605\logs\0394_0487__s18_STAGE18_MEGA_TEST_CORPUS_TRANSLATORS_PACKAGE__uxm_tests_mega_corpus_example_01_game_score_combo__a67334acd6.raw.log,1,0.1247,UXM_V33_STAGE18_MEGA_TEST_CORPUS_TRANSLATORS_PACKAGE,BUILD_FAIL,uxm\tests\all_expected_known\0487__s18_STAGE18_MEGA_TEST_CORPUS_TRANSLATORS_PACKAGE__uxm_tests_mega_corpus_example_01_game_score_combo__a67334acd6.uxm,0487__s18_STAGE18_MEGA_TEST_CORPUS_TRANSLATORS_PACKAGE__uxm_tests_mega_corpus_example_01_game_score_combo__a67334acd6
HATA:databellekustsiniri256KB.Verilen=4096KB.Toplam-politikaicin#memorypolicy=totalkullan.,BUILD_OR_RUNTIME_ERROR,uxm\tests\all_expected_known\0489__s18_STAGE18_MEGA_TEST_CORPUS_TRANSLATORS_PACKAGE__uxm_tests_mega_corpus_example_03_game_inventory_vector_sum__b175c33a4f.expect,21,395,exit_code expected=0 actual=1,compact,expected_results_v2\all_expected_v2_20260510_141605\program_outputs\0395_0489__s18_STAGE18_MEGA_TEST_CORPUS_TRANSLATORS_PACKAGE__uxm_tests_mega_corpus_example_03_game_inventory_vector_sum__b175.program.txt,expected_results_v2\all_expected_v2_20260510_141605\logs\0395_0489__s18_STAGE18_MEGA_TEST_CORPUS_TRANSLATORS_PACKAGE__uxm_tests_mega_corpus_example_03_game_inventory_vector_sum__b175.raw.log,1,0.1411,UXM_V33_STAGE18_MEGA_TEST_CORPUS_TRANSLATORS_PACKAGE,BUILD_FAIL,uxm\tests\all_expected_known\0489__s18_STAGE18_MEGA_TEST_CORPUS_TRANSLATORS_PACKAGE__uxm_tests_mega_corpus_example_03_game_inventory_vector_sum__b175c33a4f.uxm,0489__s18_STAGE18_MEGA_TEST_CORPUS_TRANSLATORS_PACKAGE__uxm_tests_mega_corpus_example_03_game_inventory_vector_sum__b175c33a4f
HATA:databellekustsiniri256KB.Verilen=4096KB.Toplam-politikaicin#memorypolicy=totalkullan.,BUILD_OR_RUNTIME_ERROR,uxm\tests\all_expected_known\0497__s18_STAGE18_MEGA_TEST_CORPUS_TRANSLATORS_PACKAGE__uxm_tests_mega_corpus_example_11_tensor2d_sum__aa75c49a1a.expect,30,396,exit_code expected=0 actual=1,compact,expected_results_v2\all_expected_v2_20260510_141605\program_outputs\0396_0497__s18_STAGE18_MEGA_TEST_CORPUS_TRANSLATORS_PACKAGE__uxm_tests_mega_corpus_example_11_tensor2d_sum__aa75c49a1a.program.txt,expected_results_v2\all_expected_v2_20260510_141605\logs\0396_0497__s18_STAGE18_MEGA_TEST_CORPUS_TRANSLATORS_PACKAGE__uxm_tests_mega_corpus_example_11_tensor2d_sum__aa75c49a1a.raw.log,1,0.1467,UXM_V33_STAGE18_MEGA_TEST_CORPUS_TRANSLATORS_PACKAGE,BUILD_FAIL,uxm\tests\all_expected_known\0497__s18_STAGE18_MEGA_TEST_CORPUS_TRANSLATORS_PACKAGE__uxm_tests_mega_corpus_example_11_tensor2d_sum__aa75c49a1a.uxm,0497__s18_STAGE18_MEGA_TEST_CORPUS_TRANSLATORS_PACKAGE__uxm_tests_mega_corpus_example_11_tensor2d_sum__aa75c49a1a
HATA:databellekustsiniri256KB.Verilen=4096KB.Toplam-politikaicin#memorypolicy=totalkullan.,BUILD_OR_RUNTIME_ERROR,uxm\tests\all_expected_known\0498__s18_STAGE18_MEGA_TEST_CORPUS_TRANSLATORS_PACKAGE__uxm_tests_mega_corpus_example_12_tensor3d_index__ef143e286c.expect,77,397,exit_code expected=0 actual=1,compact,expected_results_v2\all_expected_v2_20260510_141605\program_outputs\0397_0498__s18_STAGE18_MEGA_TEST_CORPUS_TRANSLATORS_PACKAGE__uxm_tests_mega_corpus_example_12_tensor3d_index__ef143e286c.program.txt,expected_results_v2\all_expected_v2_20260510_141605\logs\0397_0498__s18_STAGE18_MEGA_TEST_CORPUS_TRANSLATORS_PACKAGE__uxm_tests_mega_corpus_example_12_tensor3d_index__ef143e286c.raw.log,1,0.1487,UXM_V33_STAGE18_MEGA_TEST_CORPUS_TRANSLATORS_PACKAGE,BUILD_FAIL,uxm\tests\all_expected_known\0498__s18_STAGE18_MEGA_TEST_CORPUS_TRANSLATORS_PACKAGE__uxm_tests_mega_corpus_example_12_tensor3d_index__ef143e286c.uxm,0498__s18_STAGE18_MEGA_TEST_CORPUS_TRANSLATORS_PACKAGE__uxm_tests_mega_corpus_example_12_tensor3d_index__ef143e286c
HATA:databellekustsiniri256KB.Verilen=4096KB.Toplam-politikaicin#memorypolicy=totalkullan.,BUILD_OR_RUNTIME_ERROR,uxm\tests\all_expected_known\0499__s18_STAGE18_MEGA_TEST_CORPUS_TRANSLATORS_PACKAGE__uxm_tests_mega_corpus_example_13_tensor4d_flat_logic__948afdf95a.expect,88,398,exit_code expected=0 actual=1,compact,expected_results_v2\all_expected_v2_20260510_141605\program_outputs\0398_0499__s18_STAGE18_MEGA_TEST_CORPUS_TRANSLATORS_PACKAGE__uxm_tests_mega_corpus_example_13_tensor4d_flat_logic__948afdf95a.program.txt,expected_results_v2\all_expected_v2_20260510_141605\logs\0398_0499__s18_STAGE18_MEGA_TEST_CORPUS_TRANSLATORS_PACKAGE__uxm_tests_mega_corpus_example_13_tensor4d_flat_logic__948afdf95a.raw.log,1,0.1583,UXM_V33_STAGE18_MEGA_TEST_CORPUS_TRANSLATORS_PACKAGE,BUILD_FAIL,uxm\tests\all_expected_known\0499__s18_STAGE18_MEGA_TEST_CORPUS_TRANSLATORS_PACKAGE__uxm_tests_mega_corpus_example_13_tensor4d_flat_logic__948afdf95a.uxm,0499__s18_STAGE18_MEGA_TEST_CORPUS_TRANSLATORS_PACKAGE__uxm_tests_mega_corpus_example_13_tensor4d_flat_logic__948afdf95a
HATA:databellekustsiniri256KB.Verilen=4096KB.Toplam-politikaicin#memorypolicy=totalkullan.,BUILD_OR_RUNTIME_ERROR,uxm\tests\all_expected_known\0502__s18_STAGE18_MEGA_TEST_CORPUS_TRANSLATORS_PACKAGE__uxm_tests_mega_corpus_example_16_ml_linear_prediction__7b2de624f3.expect,46,399,exit_code expected=0 actual=1,compact,expected_results_v2\all_expected_v2_20260510_141605\program_outputs\0399_0502__s18_STAGE18_MEGA_TEST_CORPUS_TRANSLATORS_PACKAGE__uxm_tests_mega_corpus_example_16_ml_linear_prediction__7b2de624f.program.txt,expected_results_v2\all_expected_v2_20260510_141605\logs\0399_0502__s18_STAGE18_MEGA_TEST_CORPUS_TRANSLATORS_PACKAGE__uxm_tests_mega_corpus_example_16_ml_linear_prediction__7b2de624f.raw.log,1,0.1642,UXM_V33_STAGE18_MEGA_TEST_CORPUS_TRANSLATORS_PACKAGE,BUILD_FAIL,uxm\tests\all_expected_known\0502__s18_STAGE18_MEGA_TEST_CORPUS_TRANSLATORS_PACKAGE__uxm_tests_mega_corpus_example_16_ml_linear_prediction__7b2de624f3.uxm,0502__s18_STAGE18_MEGA_TEST_CORPUS_TRANSLATORS_PACKAGE__uxm_tests_mega_corpus_example_16_ml_linear_prediction__7b2de624f3
HATA:databellekustsiniri256KB.Verilen=4096KB.Toplam-politikaicin#memorypolicy=totalkullan.,BUILD_OR_RUNTIME_ERROR,uxm\tests\all_expected_known\0513__s18_STAGE18_MEGA_TEST_CORPUS_TRANSLATORS_PACKAGE__uxm_tests_mega_corpus_program_domain_02_chemistry_molar_mass_ch4o__bea0c507a1.expect,1320,400,exit_code expected=0 actual=1,compact,expected_results_v2\all_expected_v2_20260510_141605\program_outputs\0400_0513__s18_STAGE18_MEGA_TEST_CORPUS_TRANSLATORS_PACKAGE__uxm_tests_mega_corpus_program_domain_02_chemistry_molar_mass_ch4.program.txt,expected_results_v2\all_expected_v2_20260510_141605\logs\0400_0513__s18_STAGE18_MEGA_TEST_CORPUS_TRANSLATORS_PACKAGE__uxm_tests_mega_corpus_program_domain_02_chemistry_molar_mass_ch4.raw.log,1,0.1674,UXM_V33_STAGE18_MEGA_TEST_CORPUS_TRANSLATORS_PACKAGE,BUILD_FAIL,uxm\tests\all_expected_known\0513__s18_STAGE18_MEGA_TEST_CORPUS_TRANSLATORS_PACKAGE__uxm_tests_mega_corpus_program_domain_02_chemistry_molar_mass_ch4o__bea0c507a1.uxm,0513__s18_STAGE18_MEGA_TEST_CORPUS_TRANSLATORS_PACKAGE__uxm_tests_mega_corpus_program_domain_02_chemistry_molar_mass_ch4o__bea0c507a1
HATA:databellekustsiniri256KB.Verilen=4096KB.Toplam-politikaicin#memorypolicy=totalkullan.,BUILD_OR_RUNTIME_ERROR,uxm\tests\all_expected_known\0514__s18_STAGE18_MEGA_TEST_CORPUS_TRANSLATORS_PACKAGE__uxm_tests_mega_corpus_program_domain_03_physics_kinetic_energy_scaled__ee9a9bfc93.expect,50,401,exit_code expected=0 actual=1,compact,expected_results_v2\all_expected_v2_20260510_141605\program_outputs\0401_0514__s18_STAGE18_MEGA_TEST_CORPUS_TRANSLATORS_PACKAGE__uxm_tests_mega_corpus_program_domain_03_physics_kinetic_energy_s.program.txt,expected_results_v2\all_expected_v2_20260510_141605\logs\0401_0514__s18_STAGE18_MEGA_TEST_CORPUS_TRANSLATORS_PACKAGE__uxm_tests_mega_corpus_program_domain_03_physics_kinetic_energy_s.raw.log,1,0.16,UXM_V33_STAGE18_MEGA_TEST_CORPUS_TRANSLATORS_PACKAGE,BUILD_FAIL,uxm\tests\all_expected_known\0514__s18_STAGE18_MEGA_TEST_CORPUS_TRANSLATORS_PACKAGE__uxm_tests_mega_corpus_program_domain_03_physics_kinetic_energy_scaled__ee9a9bfc93.uxm,0514__s18_STAGE18_MEGA_TEST_CORPUS_TRANSLATORS_PACKAGE__uxm_tests_mega_corpus_program_domain_03_physics_kinetic_energy_scaled__ee9a9bfc93
HATA:databellekustsiniri256KB.Verilen=4096KB.Toplam-politikaicin#memorypolicy=totalkullan.,BUILD_OR_RUNTIME_ERROR,uxm\tests\all_expected_known\0515__s18_STAGE18_MEGA_TEST_CORPUS_TRANSLATORS_PACKAGE__uxm_tests_mega_corpus_program_domain_04_accounting_vat_profit__97929a1f4e.expect,180200,402,exit_code expected=0 actual=1,compact,expected_results_v2\all_expected_v2_20260510_141605\program_outputs\0402_0515__s18_STAGE18_MEGA_TEST_CORPUS_TRANSLATORS_PACKAGE__uxm_tests_mega_corpus_program_domain_04_accounting_vat_profit__9.program.txt,expected_results_v2\all_expected_v2_20260510_141605\logs\0402_0515__s18_STAGE18_MEGA_TEST_CORPUS_TRANSLATORS_PACKAGE__uxm_tests_mega_corpus_program_domain_04_accounting_vat_profit__9.raw.log,1,0.1437,UXM_V33_STAGE18_MEGA_TEST_CORPUS_TRANSLATORS_PACKAGE,BUILD_FAIL,uxm\tests\all_expected_known\0515__s18_STAGE18_MEGA_TEST_CORPUS_TRANSLATORS_PACKAGE__uxm_tests_mega_corpus_program_domain_04_accounting_vat_profit__97929a1f4e.uxm,0515__s18_STAGE18_MEGA_TEST_CORPUS_TRANSLATORS_PACKAGE__uxm_tests_mega_corpus_program_domain_04_accounting_vat_profit__97929a1f4e
HATA:databellekustsiniri256KB.Verilen=4096KB.Toplam-politikaicin#memorypolicy=totalkullan.,BUILD_OR_RUNTIME_ERROR,uxm\tests\all_expected_known\0518__s18_STAGE18_MEGA_TEST_CORPUS_TRANSLATORS_PACKAGE__uxm_tests_mega_corpus_test_mega_cmd_dynamic_meta_addr__6a0e5ee1a9.expect,33,403,exit_code expected=0 actual=1,compact,expected_results_v2\all_expected_v2_20260510_141605\program_outputs\0403_0518__s18_STAGE18_MEGA_TEST_CORPUS_TRANSLATORS_PACKAGE__uxm_tests_mega_corpus_test_mega_cmd_dynamic_meta_addr__6a0e5ee1a.program.txt,expected_results_v2\all_expected_v2_20260510_141605\logs\0403_0518__s18_STAGE18_MEGA_TEST_CORPUS_TRANSLATORS_PACKAGE__uxm_tests_mega_corpus_test_mega_cmd_dynamic_meta_addr__6a0e5ee1a.raw.log,1,0.1634,UXM_V33_STAGE18_MEGA_TEST_CORPUS_TRANSLATORS_PACKAGE,BUILD_FAIL,uxm\tests\all_expected_known\0518__s18_STAGE18_MEGA_TEST_CORPUS_TRANSLATORS_PACKAGE__uxm_tests_mega_corpus_test_mega_cmd_dynamic_meta_addr__6a0e5ee1a9.uxm,0518__s18_STAGE18_MEGA_TEST_CORPUS_TRANSLATORS_PACKAGE__uxm_tests_mega_corpus_test_mega_cmd_dynamic_meta_addr__6a0e5ee1a9
HATA:databellekustsiniri256KB.Verilen=4096KB.Toplam-politikaicin#memorypolicy=totalkullan.,BUILD_OR_RUNTIME_ERROR,uxm\tests\all_expected_known\0519__s18_STAGE18_MEGA_TEST_CORPUS_TRANSLATORS_PACKAGE__uxm_tests_mega_corpus_test_mega_cmd_forced_host_meta__9ff7eecddb.expect,5,404,exit_code expected=0 actual=1,compact,expected_results_v2\all_expected_v2_20260510_141605\program_outputs\0404_0519__s18_STAGE18_MEGA_TEST_CORPUS_TRANSLATORS_PACKAGE__uxm_tests_mega_corpus_test_mega_cmd_forced_host_meta__9ff7eecddb.program.txt,expected_results_v2\all_expected_v2_20260510_141605\logs\0404_0519__s18_STAGE18_MEGA_TEST_CORPUS_TRANSLATORS_PACKAGE__uxm_tests_mega_corpus_test_mega_cmd_forced_host_meta__9ff7eecddb.raw.log,1,0.1522,UXM_V33_STAGE18_MEGA_TEST_CORPUS_TRANSLATORS_PACKAGE,BUILD_FAIL,uxm\tests\all_expected_known\0519__s18_STAGE18_MEGA_TEST_CORPUS_TRANSLATORS_PACKAGE__uxm_tests_mega_corpus_test_mega_cmd_forced_host_meta__9ff7eecddb.uxm,0519__s18_STAGE18_MEGA_TEST_CORPUS_TRANSLATORS_PACKAGE__uxm_tests_mega_corpus_test_mega_cmd_forced_host_meta__9ff7eecddb
HATA:databellekustsiniri256KB.Verilen=4096KB.Toplam-politikaicin#memorypolicy=totalkullan.,BUILD_OR_RUNTIME_ERROR,uxm\tests\all_expected_known\0520__s18_STAGE18_MEGA_TEST_CORPUS_TRANSLATORS_PACKAGE__uxm_tests_mega_corpus_test_mega_cmd_immediate_add__c26151b3c9.expect,15,405,exit_code expected=0 actual=1,compact,expected_results_v2\all_expected_v2_20260510_141605\program_outputs\0405_0520__s18_STAGE18_MEGA_TEST_CORPUS_TRANSLATORS_PACKAGE__uxm_tests_mega_corpus_test_mega_cmd_immediate_add__c26151b3c9.program.txt,expected_results_v2\all_expected_v2_20260510_141605\logs\0405_0520__s18_STAGE18_MEGA_TEST_CORPUS_TRANSLATORS_PACKAGE__uxm_tests_mega_corpus_test_mega_cmd_immediate_add__c26151b3c9.raw.log,1,0.1449,UXM_V33_STAGE18_MEGA_TEST_CORPUS_TRANSLATORS_PACKAGE,BUILD_FAIL,uxm\tests\all_expected_known\0520__s18_STAGE18_MEGA_TEST_CORPUS_TRANSLATORS_PACKAGE__uxm_tests_mega_corpus_test_mega_cmd_immediate_add__c26151b3c9.uxm,0520__s18_STAGE18_MEGA_TEST_CORPUS_TRANSLATORS_PACKAGE__uxm_tests_mega_corpus_test_mega_cmd_immediate_add__c26151b3c9
HATA:databellekustsiniri256KB.Verilen=4096KB.Toplam-politikaicin#memorypolicy=totalkullan.,BUILD_OR_RUNTIME_ERROR,uxm\tests\all_expected_known\0521__s18_STAGE18_MEGA_TEST_CORPUS_TRANSLATORS_PACKAGE__uxm_tests_mega_corpus_test_mega_cmd_immediate_sub__d5b6549c24.expect,7,406,exit_code expected=0 actual=1,compact,expected_results_v2\all_expected_v2_20260510_141605\program_outputs\0406_0521__s18_STAGE18_MEGA_TEST_CORPUS_TRANSLATORS_PACKAGE__uxm_tests_mega_corpus_test_mega_cmd_immediate_sub__d5b6549c24.program.txt,expected_results_v2\all_expected_v2_20260510_141605\logs\0406_0521__s18_STAGE18_MEGA_TEST_CORPUS_TRANSLATORS_PACKAGE__uxm_tests_mega_corpus_test_mega_cmd_immediate_sub__d5b6549c24.raw.log,1,0.1581,UXM_V33_STAGE18_MEGA_TEST_CORPUS_TRANSLATORS_PACKAGE,BUILD_FAIL,uxm\tests\all_expected_known\0521__s18_STAGE18_MEGA_TEST_CORPUS_TRANSLATORS_PACKAGE__uxm_tests_mega_corpus_test_mega_cmd_immediate_sub__d5b6549c24.uxm,0521__s18_STAGE18_MEGA_TEST_CORPUS_TRANSLATORS_PACKAGE__uxm_tests_mega_corpus_test_mega_cmd_immediate_sub__d5b6549c24
HATA:databellekustsiniri256KB.Verilen=4096KB.Toplam-politikaicin#memorypolicy=totalkullan.,BUILD_OR_RUNTIME_ERROR,uxm\tests\all_expected_known\0523__s18_STAGE18_MEGA_TEST_CORPUS_TRANSLATORS_PACKAGE__uxm_tests_mega_corpus_test_mega_cmd_stack_push_pop__2e1188b1ae.expect,65,408,exit_code expected=0 actual=1,compact,expected_results_v2\all_expected_v2_20260510_141605\program_outputs\0408_0523__s18_STAGE18_MEGA_TEST_CORPUS_TRANSLATORS_PACKAGE__uxm_tests_mega_corpus_test_mega_cmd_stack_push_pop__2e1188b1ae.program.txt,expected_results_v2\all_expected_v2_20260510_141605\logs\0408_0523__s18_STAGE18_MEGA_TEST_CORPUS_TRANSLATORS_PACKAGE__uxm_tests_mega_corpus_test_mega_cmd_stack_push_pop__2e1188b1ae.raw.log,1,0.1257,UXM_V33_STAGE18_MEGA_TEST_CORPUS_TRANSLATORS_PACKAGE,BUILD_FAIL,uxm\tests\all_expected_known\0523__s18_STAGE18_MEGA_TEST_CORPUS_TRANSLATORS_PACKAGE__uxm_tests_mega_corpus_test_mega_cmd_stack_push_pop__2e1188b1ae.uxm,0523__s18_STAGE18_MEGA_TEST_CORPUS_TRANSLATORS_PACKAGE__uxm_tests_mega_corpus_test_mega_cmd_stack_push_pop__2e1188b1ae
HATA:databellekustsiniri256KB.Verilen=4096KB.Toplam-politikaicin#memorypolicy=totalkullan.,BUILD_OR_RUNTIME_ERROR,uxm\tests\all_expected_known\0528__s18_STAGE18_MEGA_TEST_CORPUS_TRANSLATORS_PACKAGE__uxm_tests_mega_corpus_test_mega_service_007_const_7__09bcbd9ed7.expect,7,409,exit_code expected=0 actual=1,compact,expected_results_v2\all_expected_v2_20260510_141605\program_outputs\0409_0528__s18_STAGE18_MEGA_TEST_CORPUS_TRANSLATORS_PACKAGE__uxm_tests_mega_corpus_test_mega_service_007_const_7__09bcbd9ed7.program.txt,expected_results_v2\all_expected_v2_20260510_141605\logs\0409_0528__s18_STAGE18_MEGA_TEST_CORPUS_TRANSLATORS_PACKAGE__uxm_tests_mega_corpus_test_mega_service_007_const_7__09bcbd9ed7.raw.log,1,0.1362,UXM_V33_STAGE18_MEGA_TEST_CORPUS_TRANSLATORS_PACKAGE,BUILD_FAIL,uxm\tests\all_expected_known\0528__s18_STAGE18_MEGA_TEST_CORPUS_TRANSLATORS_PACKAGE__uxm_tests_mega_corpus_test_mega_service_007_const_7__09bcbd9ed7.uxm,0528__s18_STAGE18_MEGA_TEST_CORPUS_TRANSLATORS_PACKAGE__uxm_tests_mega_corpus_test_mega_service_007_const_7__09bcbd9ed7
HATA:databellekustsiniri256KB.Verilen=4096KB.Toplam-politikaicin#memorypolicy=totalkullan.,BUILD_OR_RUNTIME_ERROR,uxm\tests\all_expected_known\0529__s18_STAGE18_MEGA_TEST_CORPUS_TRANSLATORS_PACKAGE__uxm_tests_mega_corpus_test_mega_service_008_const_8__8ea967a66a.expect,8,410,exit_code expected=0 actual=1,compact,expected_results_v2\all_expected_v2_20260510_141605\program_outputs\0410_0529__s18_STAGE18_MEGA_TEST_CORPUS_TRANSLATORS_PACKAGE__uxm_tests_mega_corpus_test_mega_service_008_const_8__8ea967a66a.program.txt,expected_results_v2\all_expected_v2_20260510_141605\logs\0410_0529__s18_STAGE18_MEGA_TEST_CORPUS_TRANSLATORS_PACKAGE__uxm_tests_mega_corpus_test_mega_service_008_const_8__8ea967a66a.raw.log,1,0.1523,UXM_V33_STAGE18_MEGA_TEST_CORPUS_TRANSLATORS_PACKAGE,BUILD_FAIL,uxm\tests\all_expected_known\0529__s18_STAGE18_MEGA_TEST_CORPUS_TRANSLATORS_PACKAGE__uxm_tests_mega_corpus_test_mega_service_008_const_8__8ea967a66a.uxm,0529__s18_STAGE18_MEGA_TEST_CORPUS_TRANSLATORS_PACKAGE__uxm_tests_mega_corpus_test_mega_service_008_const_8__8ea967a66a
HATA:databellekustsiniri256KB.Verilen=4096KB.Toplam-politikaicin#memorypolicy=totalkullan.,BUILD_OR_RUNTIME_ERROR,uxm\tests\all_expected_known\0537__s18_STAGE18_MEGA_TEST_CORPUS_TRANSLATORS_PACKAGE__uxm_tests_mega_corpus_test_mega_service_020_add__e9f9c61b77.expect,30,411,exit_code expected=0 actual=1,compact,expected_results_v2\all_expected_v2_20260510_141605\program_outputs\0411_0537__s18_STAGE18_MEGA_TEST_CORPUS_TRANSLATORS_PACKAGE__uxm_tests_mega_corpus_test_mega_service_020_add__e9f9c61b77.program.txt,expected_results_v2\all_expected_v2_20260510_141605\logs\0411_0537__s18_STAGE18_MEGA_TEST_CORPUS_TRANSLATORS_PACKAGE__uxm_tests_mega_corpus_test_mega_service_020_add__e9f9c61b77.raw.log,1,0.1395,UXM_V33_STAGE18_MEGA_TEST_CORPUS_TRANSLATORS_PACKAGE,BUILD_FAIL,uxm\tests\all_expected_known\0537__s18_STAGE18_MEGA_TEST_CORPUS_TRANSLATORS_PACKAGE__uxm_tests_mega_corpus_test_mega_service_020_add__e9f9c61b77.uxm,0537__s18_STAGE18_MEGA_TEST_CORPUS_TRANSLATORS_PACKAGE__uxm_tests_mega_corpus_test_mega_service_020_add__e9f9c61b77
HATA:databellekustsiniri256KB.Verilen=4096KB.Toplam-politikaicin#memorypolicy=totalkullan.,BUILD_OR_RUNTIME_ERROR,uxm\tests\all_expected_known\0538__s18_STAGE18_MEGA_TEST_CORPUS_TRANSLATORS_PACKAGE__uxm_tests_mega_corpus_test_mega_service_021_sub__fa56f66ae5.expect,30,412,exit_code expected=0 actual=1,compact,expected_results_v2\all_expected_v2_20260510_141605\program_outputs\0412_0538__s18_STAGE18_MEGA_TEST_CORPUS_TRANSLATORS_PACKAGE__uxm_tests_mega_corpus_test_mega_service_021_sub__fa56f66ae5.program.txt,expected_results_v2\all_expected_v2_20260510_141605\logs\0412_0538__s18_STAGE18_MEGA_TEST_CORPUS_TRANSLATORS_PACKAGE__uxm_tests_mega_corpus_test_mega_service_021_sub__fa56f66ae5.raw.log,1,0.1448,UXM_V33_STAGE18_MEGA_TEST_CORPUS_TRANSLATORS_PACKAGE,BUILD_FAIL,uxm\tests\all_expected_known\0538__s18_STAGE18_MEGA_TEST_CORPUS_TRANSLATORS_PACKAGE__uxm_tests_mega_corpus_test_mega_service_021_sub__fa56f66ae5.uxm,0538__s18_STAGE18_MEGA_TEST_CORPUS_TRANSLATORS_PACKAGE__uxm_tests_mega_corpus_test_mega_service_021_sub__fa56f66ae5
HATA:databellekustsiniri256KB.Verilen=4096KB.Toplam-politikaicin#memorypolicy=totalkullan.,BUILD_OR_RUNTIME_ERROR,uxm\tests\all_expected_known\0539__s18_STAGE18_MEGA_TEST_CORPUS_TRANSLATORS_PACKAGE__uxm_tests_mega_corpus_test_mega_service_022_mul__8a23bbac00.expect,42,413,exit_code expected=0 actual=1,compact,expected_results_v2\all_expected_v2_20260510_141605\program_outputs\0413_0539__s18_STAGE18_MEGA_TEST_CORPUS_TRANSLATORS_PACKAGE__uxm_tests_mega_corpus_test_mega_service_022_mul__8a23bbac00.program.txt,expected_results_v2\all_expected_v2_20260510_141605\logs\0413_0539__s18_STAGE18_MEGA_TEST_CORPUS_TRANSLATORS_PACKAGE__uxm_tests_mega_corpus_test_mega_service_022_mul__8a23bbac00.raw.log,1,0.164,UXM_V33_STAGE18_MEGA_TEST_CORPUS_TRANSLATORS_PACKAGE,BUILD_FAIL,uxm\tests\all_expected_known\0539__s18_STAGE18_MEGA_TEST_CORPUS_TRANSLATORS_PACKAGE__uxm_tests_mega_corpus_test_mega_service_022_mul__8a23bbac00.uxm,0539__s18_STAGE18_MEGA_TEST_CORPUS_TRANSLATORS_PACKAGE__uxm_tests_mega_corpus_test_mega_service_022_mul__8a23bbac00
HATA:databellekustsiniri256KB.Verilen=4096KB.Toplam-politikaicin#memorypolicy=totalkullan.,BUILD_OR_RUNTIME_ERROR,uxm\tests\all_expected_known\0540__s18_STAGE18_MEGA_TEST_CORPUS_TRANSLATORS_PACKAGE__uxm_tests_mega_corpus_test_mega_service_023_div__00b38f2e5c.expect,4,414,exit_code expected=0 actual=1,compact,expected_results_v2\all_expected_v2_20260510_141605\program_outputs\0414_0540__s18_STAGE18_MEGA_TEST_CORPUS_TRANSLATORS_PACKAGE__uxm_tests_mega_corpus_test_mega_service_023_div__00b38f2e5c.program.txt,expected_results_v2\all_expected_v2_20260510_141605\logs\0414_0540__s18_STAGE18_MEGA_TEST_CORPUS_TRANSLATORS_PACKAGE__uxm_tests_mega_corpus_test_mega_service_023_div__00b38f2e5c.raw.log,1,0.1516,UXM_V33_STAGE18_MEGA_TEST_CORPUS_TRANSLATORS_PACKAGE,BUILD_FAIL,uxm\tests\all_expected_known\0540__s18_STAGE18_MEGA_TEST_CORPUS_TRANSLATORS_PACKAGE__uxm_tests_mega_corpus_test_mega_service_023_div__00b38f2e5c.uxm,0540__s18_STAGE18_MEGA_TEST_CORPUS_TRANSLATORS_PACKAGE__uxm_tests_mega_corpus_test_mega_service_023_div__00b38f2e5c
HATA:databellekustsiniri256KB.Verilen=4096KB.Toplam-politikaicin#memorypolicy=totalkullan.,BUILD_OR_RUNTIME_ERROR,uxm\tests\all_expected_known\0541__s18_STAGE18_MEGA_TEST_CORPUS_TRANSLATORS_PACKAGE__uxm_tests_mega_corpus_test_mega_service_024_mod__a5558b5934.expect,3,415,exit_code expected=0 actual=1,compact,expected_results_v2\all_expected_v2_20260510_141605\program_outputs\0415_0541__s18_STAGE18_MEGA_TEST_CORPUS_TRANSLATORS_PACKAGE__uxm_tests_mega_corpus_test_mega_service_024_mod__a5558b5934.program.txt,expected_results_v2\all_expected_v2_20260510_141605\logs\0415_0541__s18_STAGE18_MEGA_TEST_CORPUS_TRANSLATORS_PACKAGE__uxm_tests_mega_corpus_test_mega_service_024_mod__a5558b5934.raw.log,1,0.1395,UXM_V33_STAGE18_MEGA_TEST_CORPUS_TRANSLATORS_PACKAGE,BUILD_FAIL,uxm\tests\all_expected_known\0541__s18_STAGE18_MEGA_TEST_CORPUS_TRANSLATORS_PACKAGE__uxm_tests_mega_corpus_test_mega_service_024_mod__a5558b5934.uxm,0541__s18_STAGE18_MEGA_TEST_CORPUS_TRANSLATORS_PACKAGE__uxm_tests_mega_corpus_test_mega_service_024_mod__a5558b5934
HATA:databellekustsiniri256KB.Verilen=4096KB.Toplam-politikaicin#memorypolicy=totalkullan.,BUILD_OR_RUNTIME_ERROR,uxm\tests\all_expected_known\0542__s18_STAGE18_MEGA_TEST_CORPUS_TRANSLATORS_PACKAGE__uxm_tests_mega_corpus_test_mega_service_025_min__d0d8a2723b.expect,3,416,exit_code expected=0 actual=1,compact,expected_results_v2\all_expected_v2_20260510_141605\program_outputs\0416_0542__s18_STAGE18_MEGA_TEST_CORPUS_TRANSLATORS_PACKAGE__uxm_tests_mega_corpus_test_mega_service_025_min__d0d8a2723b.program.txt,expected_results_v2\all_expected_v2_20260510_141605\logs\0416_0542__s18_STAGE18_MEGA_TEST_CORPUS_TRANSLATORS_PACKAGE__uxm_tests_mega_corpus_test_mega_service_025_min__d0d8a2723b.raw.log,1,0.1437,UXM_V33_STAGE18_MEGA_TEST_CORPUS_TRANSLATORS_PACKAGE,BUILD_FAIL,uxm\tests\all_expected_known\0542__s18_STAGE18_MEGA_TEST_CORPUS_TRANSLATORS_PACKAGE__uxm_tests_mega_corpus_test_mega_service_025_min__d0d8a2723b.uxm,0542__s18_STAGE18_MEGA_TEST_CORPUS_TRANSLATORS_PACKAGE__uxm_tests_mega_corpus_test_mega_service_025_min__d0d8a2723b
HATA:databellekustsiniri256KB.Verilen=4096KB.Toplam-politikaicin#memorypolicy=totalkullan.,BUILD_OR_RUNTIME_ERROR,uxm\tests\all_expected_known\0543__s18_STAGE18_MEGA_TEST_CORPUS_TRANSLATORS_PACKAGE__uxm_tests_mega_corpus_test_mega_service_026_max__31d56e97f6.expect,8,417,exit_code expected=0 actual=1,compact,expected_results_v2\all_expected_v2_20260510_141605\program_outputs\0417_0543__s18_STAGE18_MEGA_TEST_CORPUS_TRANSLATORS_PACKAGE__uxm_tests_mega_corpus_test_mega_service_026_max__31d56e97f6.program.txt,expected_results_v2\all_expected_v2_20260510_141605\logs\0417_0543__s18_STAGE18_MEGA_TEST_CORPUS_TRANSLATORS_PACKAGE__uxm_tests_mega_corpus_test_mega_service_026_max__31d56e97f6.raw.log,1,0.151,UXM_V33_STAGE18_MEGA_TEST_CORPUS_TRANSLATORS_PACKAGE,BUILD_FAIL,uxm\tests\all_expected_known\0543__s18_STAGE18_MEGA_TEST_CORPUS_TRANSLATORS_PACKAGE__uxm_tests_mega_corpus_test_mega_service_026_max__31d56e97f6.uxm,0543__s18_STAGE18_MEGA_TEST_CORPUS_TRANSLATORS_PACKAGE__uxm_tests_mega_corpus_test_mega_service_026_max__31d56e97f6
HATA:databellekustsiniri256KB.Verilen=4096KB.Toplam-politikaicin#memorypolicy=totalkullan.,BUILD_OR_RUNTIME_ERROR,uxm\tests\all_expected_known\0544__s18_STAGE18_MEGA_TEST_CORPUS_TRANSLATORS_PACKAGE__uxm_tests_mega_corpus_test_mega_service_027_abs_arg2__9f7689021d.expect,9,418,exit_code expected=0 actual=1,compact,expected_results_v2\all_expected_v2_20260510_141605\program_outputs\0418_0544__s18_STAGE18_MEGA_TEST_CORPUS_TRANSLATORS_PACKAGE__uxm_tests_mega_corpus_test_mega_service_027_abs_arg2__9f7689021d.program.txt,expected_results_v2\all_expected_v2_20260510_141605\logs\0418_0544__s18_STAGE18_MEGA_TEST_CORPUS_TRANSLATORS_PACKAGE__uxm_tests_mega_corpus_test_mega_service_027_abs_arg2__9f7689021d.raw.log,1,0.3575,UXM_V33_STAGE18_MEGA_TEST_CORPUS_TRANSLATORS_PACKAGE,BUILD_FAIL,uxm\tests\all_expected_known\0544__s18_STAGE18_MEGA_TEST_CORPUS_TRANSLATORS_PACKAGE__uxm_tests_mega_corpus_test_mega_service_027_abs_arg2__9f7689021d.uxm,0544__s18_STAGE18_MEGA_TEST_CORPUS_TRANSLATORS_PACKAGE__uxm_tests_mega_corpus_test_mega_service_027_abs_arg2__9f7689021d
HATA:databellekustsiniri256KB.Verilen=4096KB.Toplam-politikaicin#memorypolicy=totalkullan.,BUILD_OR_RUNTIME_ERROR,uxm\tests\all_expected_known\0545__s18_STAGE18_MEGA_TEST_CORPUS_TRANSLATORS_PACKAGE__uxm_tests_mega_corpus_test_mega_service_028_neg_arg2__1168d32204.expect,-9,419,exit_code expected=0 actual=1,compact,expected_results_v2\all_expected_v2_20260510_141605\program_outputs\0419_0545__s18_STAGE18_MEGA_TEST_CORPUS_TRANSLATORS_PACKAGE__uxm_tests_mega_corpus_test_mega_service_028_neg_arg2__1168d32204.program.txt,expected_results_v2\all_expected_v2_20260510_141605\logs\0419_0545__s18_STAGE18_MEGA_TEST_CORPUS_TRANSLATORS_PACKAGE__uxm_tests_mega_corpus_test_mega_service_028_neg_arg2__1168d32204.raw.log,1,0.1994,UXM_V33_STAGE18_MEGA_TEST_CORPUS_TRANSLATORS_PACKAGE,BUILD_FAIL,uxm\tests\all_expected_known\0545__s18_STAGE18_MEGA_TEST_CORPUS_TRANSLATORS_PACKAGE__uxm_tests_mega_corpus_test_mega_service_028_neg_arg2__1168d32204.uxm,0545__s18_STAGE18_MEGA_TEST_CORPUS_TRANSLATORS_PACKAGE__uxm_tests_mega_corpus_test_mega_service_028_neg_arg2__1168d32204
HATA:databellekustsiniri256KB.Verilen=4096KB.Toplam-politikaicin#memorypolicy=totalkullan.,BUILD_OR_RUNTIME_ERROR,uxm\tests\all_expected_known\0546__s18_STAGE18_MEGA_TEST_CORPUS_TRANSLATORS_PACKAGE__uxm_tests_mega_corpus_test_mega_service_029_cmp__d790ef44ef.expect,0,420,exit_code expected=0 actual=1,compact,expected_results_v2\all_expected_v2_20260510_141605\program_outputs\0420_0546__s18_STAGE18_MEGA_TEST_CORPUS_TRANSLATORS_PACKAGE__uxm_tests_mega_corpus_test_mega_service_029_cmp__d790ef44ef.program.txt,expected_results_v2\all_expected_v2_20260510_141605\logs\0420_0546__s18_STAGE18_MEGA_TEST_CORPUS_TRANSLATORS_PACKAGE__uxm_tests_mega_corpus_test_mega_service_029_cmp__d790ef44ef.raw.log,1,0.1557,UXM_V33_STAGE18_MEGA_TEST_CORPUS_TRANSLATORS_PACKAGE,BUILD_FAIL,uxm\tests\all_expected_known\0546__s18_STAGE18_MEGA_TEST_CORPUS_TRANSLATORS_PACKAGE__uxm_tests_mega_corpus_test_mega_service_029_cmp__d790ef44ef.uxm,0546__s18_STAGE18_MEGA_TEST_CORPUS_TRANSLATORS_PACKAGE__uxm_tests_mega_corpus_test_mega_service_029_cmp__d790ef44ef
HATA:databellekustsiniri256KB.Verilen=4096KB.Toplam-politikaicin#memorypolicy=totalkullan.,BUILD_OR_RUNTIME_ERROR,uxm\tests\all_expected_known\0550__s18_STAGE18_MEGA_TEST_CORPUS_TRANSLATORS_PACKAGE__uxm_tests_mega_corpus_test_mega_service_033_div_unsigned_alias__116fd40778.expect,4,421,exit_code expected=0 actual=1,compact,expected_results_v2\all_expected_v2_20260510_141605\program_outputs\0421_0550__s18_STAGE18_MEGA_TEST_CORPUS_TRANSLATORS_PACKAGE__uxm_tests_mega_corpus_test_mega_service_033_div_unsigned_alias__.program.txt,expected_results_v2\all_expected_v2_20260510_141605\logs\0421_0550__s18_STAGE18_MEGA_TEST_CORPUS_TRANSLATORS_PACKAGE__uxm_tests_mega_corpus_test_mega_service_033_div_unsigned_alias__.raw.log,1,0.1844,UXM_V33_STAGE18_MEGA_TEST_CORPUS_TRANSLATORS_PACKAGE,BUILD_FAIL,uxm\tests\all_expected_known\0550__s18_STAGE18_MEGA_TEST_CORPUS_TRANSLATORS_PACKAGE__uxm_tests_mega_corpus_test_mega_service_033_div_unsigned_alias__116fd40778.uxm,0550__s18_STAGE18_MEGA_TEST_CORPUS_TRANSLATORS_PACKAGE__uxm_tests_mega_corpus_test_mega_service_033_div_unsigned_alias__116fd40778
HATA:databellekustsiniri256KB.Verilen=4096KB.Toplam-politikaicin#memorypolicy=totalkullan.,BUILD_OR_RUNTIME_ERROR,uxm\tests\all_expected_known\0551__s18_STAGE18_MEGA_TEST_CORPUS_TRANSLATORS_PACKAGE__uxm_tests_mega_corpus_test_mega_service_034_div_signed__b853dff78c.expect,4,422,exit_code expected=0 actual=1,compact,expected_results_v2\all_expected_v2_20260510_141605\program_outputs\0422_0551__s18_STAGE18_MEGA_TEST_CORPUS_TRANSLATORS_PACKAGE__uxm_tests_mega_corpus_test_mega_service_034_div_signed__b853dff7.program.txt,expected_results_v2\all_expected_v2_20260510_141605\logs\0422_0551__s18_STAGE18_MEGA_TEST_CORPUS_TRANSLATORS_PACKAGE__uxm_tests_mega_corpus_test_mega_service_034_div_signed__b853dff7.raw.log,1,0.1982,UXM_V33_STAGE18_MEGA_TEST_CORPUS_TRANSLATORS_PACKAGE,BUILD_FAIL,uxm\tests\all_expected_known\0551__s18_STAGE18_MEGA_TEST_CORPUS_TRANSLATORS_PACKAGE__uxm_tests_mega_corpus_test_mega_service_034_div_signed__b853dff78c.uxm,0551__s18_STAGE18_MEGA_TEST_CORPUS_TRANSLATORS_PACKAGE__uxm_tests_mega_corpus_test_mega_service_034_div_signed__b853dff78c
HATA:databellekustsiniri256KB.Verilen=4096KB.Toplam-politikaicin#memorypolicy=totalkullan.,BUILD_OR_RUNTIME_ERROR,uxm\tests\all_expected_known\0552__s18_STAGE18_MEGA_TEST_CORPUS_TRANSLATORS_PACKAGE__uxm_tests_mega_corpus_test_mega_service_035_mod_unsigned_alias__fe2e94cf65.expect,3,423,exit_code expected=0 actual=1,compact,expected_results_v2\all_expected_v2_20260510_141605\program_outputs\0423_0552__s18_STAGE18_MEGA_TEST_CORPUS_TRANSLATORS_PACKAGE__uxm_tests_mega_corpus_test_mega_service_035_mod_unsigned_alias__.program.txt,expected_results_v2\all_expected_v2_20260510_141605\logs\0423_0552__s18_STAGE18_MEGA_TEST_CORPUS_TRANSLATORS_PACKAGE__uxm_tests_mega_corpus_test_mega_service_035_mod_unsigned_alias__.raw.log,1,0.1518,UXM_V33_STAGE18_MEGA_TEST_CORPUS_TRANSLATORS_PACKAGE,BUILD_FAIL,uxm\tests\all_expected_known\0552__s18_STAGE18_MEGA_TEST_CORPUS_TRANSLATORS_PACKAGE__uxm_tests_mega_corpus_test_mega_service_035_mod_unsigned_alias__fe2e94cf65.uxm,0552__s18_STAGE18_MEGA_TEST_CORPUS_TRANSLATORS_PACKAGE__uxm_tests_mega_corpus_test_mega_service_035_mod_unsigned_alias__fe2e94cf65
HATA:databellekustsiniri256KB.Verilen=4096KB.Toplam-politikaicin#memorypolicy=totalkullan.,BUILD_OR_RUNTIME_ERROR,uxm\tests\all_expected_known\0553__s18_STAGE18_MEGA_TEST_CORPUS_TRANSLATORS_PACKAGE__uxm_tests_mega_corpus_test_mega_service_036_mod_signed__985eb4a0cc.expect,3,424,exit_code expected=0 actual=1,compact,expected_results_v2\all_expected_v2_20260510_141605\program_outputs\0424_0553__s18_STAGE18_MEGA_TEST_CORPUS_TRANSLATORS_PACKAGE__uxm_tests_mega_corpus_test_mega_service_036_mod_signed__985eb4a0.program.txt,expected_results_v2\all_expected_v2_20260510_141605\logs\0424_0553__s18_STAGE18_MEGA_TEST_CORPUS_TRANSLATORS_PACKAGE__uxm_tests_mega_corpus_test_mega_service_036_mod_signed__985eb4a0.raw.log,1,0.146,UXM_V33_STAGE18_MEGA_TEST_CORPUS_TRANSLATORS_PACKAGE,BUILD_FAIL,uxm\tests\all_expected_known\0553__s18_STAGE18_MEGA_TEST_CORPUS_TRANSLATORS_PACKAGE__uxm_tests_mega_corpus_test_mega_service_036_mod_signed__985eb4a0cc.uxm,0553__s18_STAGE18_MEGA_TEST_CORPUS_TRANSLATORS_PACKAGE__uxm_tests_mega_corpus_test_mega_service_036_mod_signed__985eb4a0cc
HATA:databellekustsiniri256KB.Verilen=4096KB.Toplam-politikaicin#memorypolicy=totalkullan.,BUILD_OR_RUNTIME_ERROR,uxm\tests\all_expected_known\0557__s18_STAGE18_MEGA_TEST_CORPUS_TRANSLATORS_PACKAGE__uxm_tests_mega_corpus_test_mega_service_043_hypotenuse__999e2a2fb3.expect,5,425,exit_code expected=0 actual=1,compact,expected_results_v2\all_expected_v2_20260510_141605\program_outputs\0425_0557__s18_STAGE18_MEGA_TEST_CORPUS_TRANSLATORS_PACKAGE__uxm_tests_mega_corpus_test_mega_service_043_hypotenuse__999e2a2f.program.txt,expected_results_v2\all_expected_v2_20260510_141605\logs\0425_0557__s18_STAGE18_MEGA_TEST_CORPUS_TRANSLATORS_PACKAGE__uxm_tests_mega_corpus_test_mega_service_043_hypotenuse__999e2a2f.raw.log,1,0.1574,UXM_V33_STAGE18_MEGA_TEST_CORPUS_TRANSLATORS_PACKAGE,BUILD_FAIL,uxm\tests\all_expected_known\0557__s18_STAGE18_MEGA_TEST_CORPUS_TRANSLATORS_PACKAGE__uxm_tests_mega_corpus_test_mega_service_043_hypotenuse__999e2a2fb3.uxm,0557__s18_STAGE18_MEGA_TEST_CORPUS_TRANSLATORS_PACKAGE__uxm_tests_mega_corpus_test_mega_service_043_hypotenuse__999e2a2fb3
HATA:databellekustsiniri256KB.Verilen=4096KB.Toplam-politikaicin#memorypolicy=totalkullan.,BUILD_OR_RUNTIME_ERROR,uxm\tests\all_expected_known\0560__s18_STAGE18_MEGA_TEST_CORPUS_TRANSLATORS_PACKAGE__uxm_tests_mega_corpus_test_mega_service_046_sqrt__829cbc4853.expect,5,426,exit_code expected=0 actual=1,compact,expected_results_v2\all_expected_v2_20260510_141605\program_outputs\0426_0560__s18_STAGE18_MEGA_TEST_CORPUS_TRANSLATORS_PACKAGE__uxm_tests_mega_corpus_test_mega_service_046_sqrt__829cbc4853.program.txt,expected_results_v2\all_expected_v2_20260510_141605\logs\0426_0560__s18_STAGE18_MEGA_TEST_CORPUS_TRANSLATORS_PACKAGE__uxm_tests_mega_corpus_test_mega_service_046_sqrt__829cbc4853.raw.log,1,0.1519,UXM_V33_STAGE18_MEGA_TEST_CORPUS_TRANSLATORS_PACKAGE,BUILD_FAIL,uxm\tests\all_expected_known\0560__s18_STAGE18_MEGA_TEST_CORPUS_TRANSLATORS_PACKAGE__uxm_tests_mega_corpus_test_mega_service_046_sqrt__829cbc4853.uxm,0560__s18_STAGE18_MEGA_TEST_CORPUS_TRANSLATORS_PACKAGE__uxm_tests_mega_corpus_test_mega_service_046_sqrt__829cbc4853
HATA:databellekustsiniri256KB.Verilen=4096KB.Toplam-politikaicin#memorypolicy=totalkullan.,BUILD_OR_RUNTIME_ERROR,uxm\tests\all_expected_known\0569__s18_STAGE18_MEGA_TEST_CORPUS_TRANSLATORS_PACKAGE__uxm_tests_mega_corpus_test_mega_service_057_power__500966fa01.expect,256,427,exit_code expected=0 actual=1,compact,expected_results_v2\all_expected_v2_20260510_141605\program_outputs\0427_0569__s18_STAGE18_MEGA_TEST_CORPUS_TRANSLATORS_PACKAGE__uxm_tests_mega_corpus_test_mega_service_057_power__500966fa01.program.txt,expected_results_v2\all_expected_v2_20260510_141605\logs\0427_0569__s18_STAGE18_MEGA_TEST_CORPUS_TRANSLATORS_PACKAGE__uxm_tests_mega_corpus_test_mega_service_057_power__500966fa01.raw.log,1,0.1569,UXM_V33_STAGE18_MEGA_TEST_CORPUS_TRANSLATORS_PACKAGE,BUILD_FAIL,uxm\tests\all_expected_known\0569__s18_STAGE18_MEGA_TEST_CORPUS_TRANSLATORS_PACKAGE__uxm_tests_mega_corpus_test_mega_service_057_power__500966fa01.uxm,0569__s18_STAGE18_MEGA_TEST_CORPUS_TRANSLATORS_PACKAGE__uxm_tests_mega_corpus_test_mega_service_057_power__500966fa01
HATA:databellekustsiniri256KB.Verilen=4096KB.Toplam-politikaicin#memorypolicy=totalkullan.,BUILD_OR_RUNTIME_ERROR,uxm\tests\all_expected_known\0572__s18_STAGE18_MEGA_TEST_CORPUS_TRANSLATORS_PACKAGE__uxm_tests_mega_corpus_test_mega_service_060_print_arg2_decimal__06fcdc8471.expect,77,428,exit_code expected=0 actual=1,compact,expected_results_v2\all_expected_v2_20260510_141605\program_outputs\0428_0572__s18_STAGE18_MEGA_TEST_CORPUS_TRANSLATORS_PACKAGE__uxm_tests_mega_corpus_test_mega_service_060_print_arg2_decimal__.program.txt,expected_results_v2\all_expected_v2_20260510_141605\logs\0428_0572__s18_STAGE18_MEGA_TEST_CORPUS_TRANSLATORS_PACKAGE__uxm_tests_mega_corpus_test_mega_service_060_print_arg2_decimal__.raw.log,1,0.1472,UXM_V33_STAGE18_MEGA_TEST_CORPUS_TRANSLATORS_PACKAGE,BUILD_FAIL,uxm\tests\all_expected_known\0572__s18_STAGE18_MEGA_TEST_CORPUS_TRANSLATORS_PACKAGE__uxm_tests_mega_corpus_test_mega_service_060_print_arg2_decimal__06fcdc8471.uxm,0572__s18_STAGE18_MEGA_TEST_CORPUS_TRANSLATORS_PACKAGE__uxm_tests_mega_corpus_test_mega_service_060_print_arg2_decimal__06fcdc8471
HATA:databellekustsiniri256KB.Verilen=4096KB.Toplam-politikaicin#memorypolicy=totalkullan.,BUILD_OR_RUNTIME_ERROR,uxm\tests\all_expected_known\0573__s18_STAGE18_MEGA_TEST_CORPUS_TRANSLATORS_PACKAGE__uxm_tests_mega_corpus_test_mega_service_061_print_result_decimal__3545f540a4.expect,3,429,exit_code expected=0 actual=1,compact,expected_results_v2\all_expected_v2_20260510_141605\program_outputs\0429_0573__s18_STAGE18_MEGA_TEST_CORPUS_TRANSLATORS_PACKAGE__uxm_tests_mega_corpus_test_mega_service_061_print_result_decimal.program.txt,expected_results_v2\all_expected_v2_20260510_141605\logs\0429_0573__s18_STAGE18_MEGA_TEST_CORPUS_TRANSLATORS_PACKAGE__uxm_tests_mega_corpus_test_mega_service_061_print_result_decimal.raw.log,1,0.1564,UXM_V33_STAGE18_MEGA_TEST_CORPUS_TRANSLATORS_PACKAGE,BUILD_FAIL,uxm\tests\all_expected_known\0573__s18_STAGE18_MEGA_TEST_CORPUS_TRANSLATORS_PACKAGE__uxm_tests_mega_corpus_test_mega_service_061_print_result_decimal__3545f540a4.uxm,0573__s18_STAGE18_MEGA_TEST_CORPUS_TRANSLATORS_PACKAGE__uxm_tests_mega_corpus_test_mega_service_061_print_result_decimal__3545f540a4
HATA:databellekustsiniri256KB.Verilen=4096KB.Toplam-politikaicin#memorypolicy=totalkullan.,BUILD_OR_RUNTIME_ERROR,uxm\tests\all_expected_known\0574__s18_STAGE18_MEGA_TEST_CORPUS_TRANSLATORS_PACKAGE__uxm_tests_mega_corpus_test_mega_service_062_print_stack_pop_decimal__7d86d23ca6.expect,88,430,exit_code expected=0 actual=1,compact,expected_results_v2\all_expected_v2_20260510_141605\program_outputs\0430_0574__s18_STAGE18_MEGA_TEST_CORPUS_TRANSLATORS_PACKAGE__uxm_tests_mega_corpus_test_mega_service_062_print_stack_pop_deci.program.txt,expected_results_v2\all_expected_v2_20260510_141605\logs\0430_0574__s18_STAGE18_MEGA_TEST_CORPUS_TRANSLATORS_PACKAGE__uxm_tests_mega_corpus_test_mega_service_062_print_stack_pop_deci.raw.log,1,0.1373,UXM_V33_STAGE18_MEGA_TEST_CORPUS_TRANSLATORS_PACKAGE,BUILD_FAIL,uxm\tests\all_expected_known\0574__s18_STAGE18_MEGA_TEST_CORPUS_TRANSLATORS_PACKAGE__uxm_tests_mega_corpus_test_mega_service_062_print_stack_pop_decimal__7d86d23ca6.uxm,0574__s18_STAGE18_MEGA_TEST_CORPUS_TRANSLATORS_PACKAGE__uxm_tests_mega_corpus_test_mega_service_062_print_stack_pop_decimal__7d86d23ca6
HATA:databellekustsiniri256KB.Verilen=4096KB.Toplam-politikaicin#memorypolicy=totalkullan.,BUILD_OR_RUNTIME_ERROR,uxm\tests\all_expected_known\0578__s18_STAGE18_MEGA_TEST_CORPUS_TRANSLATORS_PACKAGE__uxm_tests_mega_corpus_test_mega_service_069_print_arg2_char__9a9abacf17.expect,A,431,exit_code expected=0 actual=1,compact,expected_results_v2\all_expected_v2_20260510_141605\program_outputs\0431_0578__s18_STAGE18_MEGA_TEST_CORPUS_TRANSLATORS_PACKAGE__uxm_tests_mega_corpus_test_mega_service_069_print_arg2_char__9a9.program.txt,expected_results_v2\all_expected_v2_20260510_141605\logs\0431_0578__s18_STAGE18_MEGA_TEST_CORPUS_TRANSLATORS_PACKAGE__uxm_tests_mega_corpus_test_mega_service_069_print_arg2_char__9a9.raw.log,1,0.1597,UXM_V33_STAGE18_MEGA_TEST_CORPUS_TRANSLATORS_PACKAGE,BUILD_FAIL,uxm\tests\all_expected_known\0578__s18_STAGE18_MEGA_TEST_CORPUS_TRANSLATORS_PACKAGE__uxm_tests_mega_corpus_test_mega_service_069_print_arg2_char__9a9abacf17.uxm,0578__s18_STAGE18_MEGA_TEST_CORPUS_TRANSLATORS_PACKAGE__uxm_tests_mega_corpus_test_mega_service_069_print_arg2_char__9a9abacf17
