index,status,mode,seconds,return_code,test_path,expect_path,unique_id,expected_compact,actual_compact,message,raw_log,program_log,source
1,BUILD_OR_RUN_FAIL,compact,0.3376,1,uxm\tests\all_expected_known\0487__s18_STAGE18_MEGA_TEST_CORPUS_TRANSLATORS_PACKAGE__uxm_tests_mega_corpus_example_01_game_score_combo__a67334acd6.uxm,uxm\tests\all_expected_known\0487__s18_STAGE18_MEGA_TEST_CORPUS_TRANSLATORS_PACKAGE__uxm_tests_mega_corpus_example_01_game_score_combo__a67334acd6.expect,0487__s18_STAGE18_MEGA_TEST_CORPUS_TRANSLATORS_PACKAGE__uxm_tests_mega_corpus_example_01_game_score_combo__a67334acd6,150300,C:\Users\mete\Downloads\BasicOyunSource\uXBasic_repo\tools\FreeBASIC-1.10.1-win64\bin\win64\ld.exe:C:\Users\mete\Downloads\BasicOyunSource\uXBasic_repo\tools\FreeBASIC-1.10.1-win64\lib\win64/libmingw32.a(lib64_libmingw32_a-crt0_c.o):infunction`main':R:\winlibs64-sjlj-9.3.0\mingw-w64-v7.0.0\mingw-w64-crt/crt/crt0_c.c:18:undefinedreferenceto`WinMain',exit_code expected=0 actual=1,fast_results\runs\fast_failed_unique_v7_20260510_172455\logs\0001_0487__s18_STAGE18_MEGA_TEST_CORPUS_TRANSLATORS_PACKAGE__uxm_tests_mega_corpus_example_01_game_score_combo__a67334acd6.raw.log,fast_results\runs\fast_failed_unique_v7_20260510_172455\program_outputs\0001_0487__s18_STAGE18_MEGA_TEST_CORPUS_TRANSLATORS_PACKAGE__uxm_tests_mega_corpus_example_01_game_score_combo__a67334acd6.program.txt,UXM_V33_STAGE18_MEGA_TEST_CORPUS_TRANSLATORS_PACKAGE
2,BUILD_OR_RUN_FAIL,compact,0.3716,1,uxm\tests\all_expected_known\0489__s18_STAGE18_MEGA_TEST_CORPUS_TRANSLATORS_PACKAGE__uxm_tests_mega_corpus_example_03_game_inventory_vector_sum__b175c33a4f.uxm,uxm\tests\all_expected_known\0489__s18_STAGE18_MEGA_TEST_CORPUS_TRANSLATORS_PACKAGE__uxm_tests_mega_corpus_example_03_game_inventory_vector_sum__b175c33a4f.expect,0489__s18_STAGE18_MEGA_TEST_CORPUS_TRANSLATORS_PACKAGE__uxm_tests_mega_corpus_example_03_game_inventory_vector_sum__b175c33a4f,21,C:\Users\mete\Downloads\BasicOyunSource\uXBasic_repo\tools\FreeBASIC-1.10.1-win64\bin\win64\ld.exe:C:\Users\mete\Downloads\BasicOyunSource\uXBasic_repo\tools\FreeBASIC-1.10.1-win64\lib\win64/libmingw32.a(lib64_libmingw32_a-crt0_c.o):infunction`main':R:\winlibs64-sjlj-9.3.0\mingw-w64-v7.0.0\mingw-w64-crt/crt/crt0_c.c:18:undefinedreferenceto`WinMain',exit_code expected=0 actual=1,fast_results\runs\fast_failed_unique_v7_20260510_172455\logs\0002_0489__s18_STAGE18_MEGA_TEST_CORPUS_TRANSLATORS_PACKAGE__uxm_tests_mega_corpus_example_03_game_inventory_vector_sum__b175.raw.log,fast_results\runs\fast_failed_unique_v7_20260510_172455\program_outputs\0002_0489__s18_STAGE18_MEGA_TEST_CORPUS_TRANSLATORS_PACKAGE__uxm_tests_mega_corpus_example_03_game_inventory_vector_sum__b175.program.txt,UXM_V33_STAGE18_MEGA_TEST_CORPUS_TRANSLATORS_PACKAGE
3,BUILD_OR_RUN_FAIL,compact,0.3836,1,uxm\tests\all_expected_known\0497__s18_STAGE18_MEGA_TEST_CORPUS_TRANSLATORS_PACKAGE__uxm_tests_mega_corpus_example_11_tensor2d_sum__aa75c49a1a.uxm,uxm\tests\all_expected_known\0497__s18_STAGE18_MEGA_TEST_CORPUS_TRANSLATORS_PACKAGE__uxm_tests_mega_corpus_example_11_tensor2d_sum__aa75c49a1a.expect,0497__s18_STAGE18_MEGA_TEST_CORPUS_TRANSLATORS_PACKAGE__uxm_tests_mega_corpus_example_11_tensor2d_sum__aa75c49a1a,30,C:\Users\mete\Downloads\BasicOyunSource\uXBasic_repo\tools\FreeBASIC-1.10.1-win64\bin\win64\ld.exe:C:\Users\mete\Downloads\BasicOyunSource\uXBasic_repo\tools\FreeBASIC-1.10.1-win64\lib\win64/libmingw32.a(lib64_libmingw32_a-crt0_c.o):infunction`main':R:\winlibs64-sjlj-9.3.0\mingw-w64-v7.0.0\mingw-w64-crt/crt/crt0_c.c:18:undefinedreferenceto`WinMain',exit_code expected=0 actual=1,fast_results\runs\fast_failed_unique_v7_20260510_172455\logs\0003_0497__s18_STAGE18_MEGA_TEST_CORPUS_TRANSLATORS_PACKAGE__uxm_tests_mega_corpus_example_11_tensor2d_sum__aa75c49a1a.raw.log,fast_results\runs\fast_failed_unique_v7_20260510_172455\program_outputs\0003_0497__s18_STAGE18_MEGA_TEST_CORPUS_TRANSLATORS_PACKAGE__uxm_tests_mega_corpus_example_11_tensor2d_sum__aa75c49a1a.program.txt,UXM_V33_STAGE18_MEGA_TEST_CORPUS_TRANSLATORS_PACKAGE
4,BUILD_OR_RUN_FAIL,compact,0.3723,1,uxm\tests\all_expected_known\0498__s18_STAGE18_MEGA_TEST_CORPUS_TRANSLATORS_PACKAGE__uxm_tests_mega_corpus_example_12_tensor3d_index__ef143e286c.uxm,uxm\tests\all_expected_known\0498__s18_STAGE18_MEGA_TEST_CORPUS_TRANSLATORS_PACKAGE__uxm_tests_mega_corpus_example_12_tensor3d_index__ef143e286c.expect,0498__s18_STAGE18_MEGA_TEST_CORPUS_TRANSLATORS_PACKAGE__uxm_tests_mega_corpus_example_12_tensor3d_index__ef143e286c,77,C:\Users\mete\Downloads\BasicOyunSource\uXBasic_repo\tools\FreeBASIC-1.10.1-win64\bin\win64\ld.exe:C:\Users\mete\Downloads\BasicOyunSource\uXBasic_repo\tools\FreeBASIC-1.10.1-win64\lib\win64/libmingw32.a(lib64_libmingw32_a-crt0_c.o):infunction`main':R:\winlibs64-sjlj-9.3.0\mingw-w64-v7.0.0\mingw-w64-crt/crt/crt0_c.c:18:undefinedreferenceto`WinMain',exit_code expected=0 actual=1,fast_results\runs\fast_failed_unique_v7_20260510_172455\logs\0004_0498__s18_STAGE18_MEGA_TEST_CORPUS_TRANSLATORS_PACKAGE__uxm_tests_mega_corpus_example_12_tensor3d_index__ef143e286c.raw.log,fast_results\runs\fast_failed_unique_v7_20260510_172455\program_outputs\0004_0498__s18_STAGE18_MEGA_TEST_CORPUS_TRANSLATORS_PACKAGE__uxm_tests_mega_corpus_example_12_tensor3d_index__ef143e286c.program.txt,UXM_V33_STAGE18_MEGA_TEST_CORPUS_TRANSLATORS_PACKAGE
5,BUILD_OR_RUN_FAIL,compact,0.3708,1,uxm\tests\all_expected_known\0499__s18_STAGE18_MEGA_TEST_CORPUS_TRANSLATORS_PACKAGE__uxm_tests_mega_corpus_example_13_tensor4d_flat_logic__948afdf95a.uxm,uxm\tests\all_expected_known\0499__s18_STAGE18_MEGA_TEST_CORPUS_TRANSLATORS_PACKAGE__uxm_tests_mega_corpus_example_13_tensor4d_flat_logic__948afdf95a.expect,0499__s18_STAGE18_MEGA_TEST_CORPUS_TRANSLATORS_PACKAGE__uxm_tests_mega_corpus_example_13_tensor4d_flat_logic__948afdf95a,88,C:\Users\mete\Downloads\BasicOyunSource\uXBasic_repo\tools\FreeBASIC-1.10.1-win64\bin\win64\ld.exe:C:\Users\mete\Downloads\BasicOyunSource\uXBasic_repo\tools\FreeBASIC-1.10.1-win64\lib\win64/libmingw32.a(lib64_libmingw32_a-crt0_c.o):infunction`main':R:\winlibs64-sjlj-9.3.0\mingw-w64-v7.0.0\mingw-w64-crt/crt/crt0_c.c:18:undefinedreferenceto`WinMain',exit_code expected=0 actual=1,fast_results\runs\fast_failed_unique_v7_20260510_172455\logs\0005_0499__s18_STAGE18_MEGA_TEST_CORPUS_TRANSLATORS_PACKAGE__uxm_tests_mega_corpus_example_13_tensor4d_flat_logic__948afdf95a.raw.log,fast_results\runs\fast_failed_unique_v7_20260510_172455\program_outputs\0005_0499__s18_STAGE18_MEGA_TEST_CORPUS_TRANSLATORS_PACKAGE__uxm_tests_mega_corpus_example_13_tensor4d_flat_logic__948afdf95a.program.txt,UXM_V33_STAGE18_MEGA_TEST_CORPUS_TRANSLATORS_PACKAGE
6,BUILD_OR_RUN_FAIL,compact,0.4688,1,uxm\tests\all_expected_known\0502__s18_STAGE18_MEGA_TEST_CORPUS_TRANSLATORS_PACKAGE__uxm_tests_mega_corpus_example_16_ml_linear_prediction__7b2de624f3.uxm,uxm\tests\all_expected_known\0502__s18_STAGE18_MEGA_TEST_CORPUS_TRANSLATORS_PACKAGE__uxm_tests_mega_corpus_example_16_ml_linear_prediction__7b2de624f3.expect,0502__s18_STAGE18_MEGA_TEST_CORPUS_TRANSLATORS_PACKAGE__uxm_tests_mega_corpus_example_16_ml_linear_prediction__7b2de624f3,46,C:\Users\mete\Downloads\BasicOyunSource\uXBasic_repo\tools\FreeBASIC-1.10.1-win64\bin\win64\ld.exe:C:\Users\mete\Downloads\BasicOyunSource\uXBasic_repo\tools\FreeBASIC-1.10.1-win64\lib\win64/libmingw32.a(lib64_libmingw32_a-crt0_c.o):infunction`main':R:\winlibs64-sjlj-9.3.0\mingw-w64-v7.0.0\mingw-w64-crt/crt/crt0_c.c:18:undefinedreferenceto`WinMain',exit_code expected=0 actual=1,fast_results\runs\fast_failed_unique_v7_20260510_172455\logs\0006_0502__s18_STAGE18_MEGA_TEST_CORPUS_TRANSLATORS_PACKAGE__uxm_tests_mega_corpus_example_16_ml_linear_prediction__7b2de624f.raw.log,fast_results\runs\fast_failed_unique_v7_20260510_172455\program_outputs\0006_0502__s18_STAGE18_MEGA_TEST_CORPUS_TRANSLATORS_PACKAGE__uxm_tests_mega_corpus_example_16_ml_linear_prediction__7b2de624f.program.txt,UXM_V33_STAGE18_MEGA_TEST_CORPUS_TRANSLATORS_PACKAGE
7,BUILD_OR_RUN_FAIL,compact,0.3532,1,uxm\tests\all_expected_known\0513__s18_STAGE18_MEGA_TEST_CORPUS_TRANSLATORS_PACKAGE__uxm_tests_mega_corpus_program_domain_02_chemistry_molar_mass_ch4o__bea0c507a1.uxm,uxm\tests\all_expected_known\0513__s18_STAGE18_MEGA_TEST_CORPUS_TRANSLATORS_PACKAGE__uxm_tests_mega_corpus_program_domain_02_chemistry_molar_mass_ch4o__bea0c507a1.expect,0513__s18_STAGE18_MEGA_TEST_CORPUS_TRANSLATORS_PACKAGE__uxm_tests_mega_corpus_program_domain_02_chemistry_molar_mass_ch4o__bea0c507a1,1320,C:\Users\mete\Downloads\BasicOyunSource\uXBasic_repo\tools\FreeBASIC-1.10.1-win64\bin\win64\ld.exe:C:\Users\mete\Downloads\BasicOyunSource\uXBasic_repo\tools\FreeBASIC-1.10.1-win64\lib\win64/libmingw32.a(lib64_libmingw32_a-crt0_c.o):infunction`main':R:\winlibs64-sjlj-9.3.0\mingw-w64-v7.0.0\mingw-w64-crt/crt/crt0_c.c:18:undefinedreferenceto`WinMain',exit_code expected=0 actual=1,fast_results\runs\fast_failed_unique_v7_20260510_172455\logs\0007_0513__s18_STAGE18_MEGA_TEST_CORPUS_TRANSLATORS_PACKAGE__uxm_tests_mega_corpus_program_domain_02_chemistry_molar_mass_ch4.raw.log,fast_results\runs\fast_failed_unique_v7_20260510_172455\program_outputs\0007_0513__s18_STAGE18_MEGA_TEST_CORPUS_TRANSLATORS_PACKAGE__uxm_tests_mega_corpus_program_domain_02_chemistry_molar_mass_ch4.program.txt,UXM_V33_STAGE18_MEGA_TEST_CORPUS_TRANSLATORS_PACKAGE
8,BUILD_OR_RUN_FAIL,compact,0.356,1,uxm\tests\all_expected_known\0514__s18_STAGE18_MEGA_TEST_CORPUS_TRANSLATORS_PACKAGE__uxm_tests_mega_corpus_program_domain_03_physics_kinetic_energy_scaled__ee9a9bfc93.uxm,uxm\tests\all_expected_known\0514__s18_STAGE18_MEGA_TEST_CORPUS_TRANSLATORS_PACKAGE__uxm_tests_mega_corpus_program_domain_03_physics_kinetic_energy_scaled__ee9a9bfc93.expect,0514__s18_STAGE18_MEGA_TEST_CORPUS_TRANSLATORS_PACKAGE__uxm_tests_mega_corpus_program_domain_03_physics_kinetic_energy_scaled__ee9a9bfc93,50,C:\Users\mete\Downloads\BasicOyunSource\uXBasic_repo\tools\FreeBASIC-1.10.1-win64\bin\win64\ld.exe:C:\Users\mete\Downloads\BasicOyunSource\uXBasic_repo\tools\FreeBASIC-1.10.1-win64\lib\win64/libmingw32.a(lib64_libmingw32_a-crt0_c.o):infunction`main':R:\winlibs64-sjlj-9.3.0\mingw-w64-v7.0.0\mingw-w64-crt/crt/crt0_c.c:18:undefinedreferenceto`WinMain',exit_code expected=0 actual=1,fast_results\runs\fast_failed_unique_v7_20260510_172455\logs\0008_0514__s18_STAGE18_MEGA_TEST_CORPUS_TRANSLATORS_PACKAGE__uxm_tests_mega_corpus_program_domain_03_physics_kinetic_energy_s.raw.log,fast_results\runs\fast_failed_unique_v7_20260510_172455\program_outputs\0008_0514__s18_STAGE18_MEGA_TEST_CORPUS_TRANSLATORS_PACKAGE__uxm_tests_mega_corpus_program_domain_03_physics_kinetic_energy_s.program.txt,UXM_V33_STAGE18_MEGA_TEST_CORPUS_TRANSLATORS_PACKAGE
9,BUILD_OR_RUN_FAIL,compact,0.3653,1,uxm\tests\all_expected_known\0515__s18_STAGE18_MEGA_TEST_CORPUS_TRANSLATORS_PACKAGE__uxm_tests_mega_corpus_program_domain_04_accounting_vat_profit__97929a1f4e.uxm,uxm\tests\all_expected_known\0515__s18_STAGE18_MEGA_TEST_CORPUS_TRANSLATORS_PACKAGE__uxm_tests_mega_corpus_program_domain_04_accounting_vat_profit__97929a1f4e.expect,0515__s18_STAGE18_MEGA_TEST_CORPUS_TRANSLATORS_PACKAGE__uxm_tests_mega_corpus_program_domain_04_accounting_vat_profit__97929a1f4e,180200,C:\Users\mete\Downloads\BasicOyunSource\uXBasic_repo\tools\FreeBASIC-1.10.1-win64\bin\win64\ld.exe:C:\Users\mete\Downloads\BasicOyunSource\uXBasic_repo\tools\FreeBASIC-1.10.1-win64\lib\win64/libmingw32.a(lib64_libmingw32_a-crt0_c.o):infunction`main':R:\winlibs64-sjlj-9.3.0\mingw-w64-v7.0.0\mingw-w64-crt/crt/crt0_c.c:18:undefinedreferenceto`WinMain',exit_code expected=0 actual=1,fast_results\runs\fast_failed_unique_v7_20260510_172455\logs\0009_0515__s18_STAGE18_MEGA_TEST_CORPUS_TRANSLATORS_PACKAGE__uxm_tests_mega_corpus_program_domain_04_accounting_vat_profit__9.raw.log,fast_results\runs\fast_failed_unique_v7_20260510_172455\program_outputs\0009_0515__s18_STAGE18_MEGA_TEST_CORPUS_TRANSLATORS_PACKAGE__uxm_tests_mega_corpus_program_domain_04_accounting_vat_profit__9.program.txt,UXM_V33_STAGE18_MEGA_TEST_CORPUS_TRANSLATORS_PACKAGE
10,BUILD_OR_RUN_FAIL,compact,0.3513,1,uxm\tests\all_expected_known\0518__s18_STAGE18_MEGA_TEST_CORPUS_TRANSLATORS_PACKAGE__uxm_tests_mega_corpus_test_mega_cmd_dynamic_meta_addr__6a0e5ee1a9.uxm,uxm\tests\all_expected_known\0518__s18_STAGE18_MEGA_TEST_CORPUS_TRANSLATORS_PACKAGE__uxm_tests_mega_corpus_test_mega_cmd_dynamic_meta_addr__6a0e5ee1a9.expect,0518__s18_STAGE18_MEGA_TEST_CORPUS_TRANSLATORS_PACKAGE__uxm_tests_mega_corpus_test_mega_cmd_dynamic_meta_addr__6a0e5ee1a9,33,C:\Users\mete\Downloads\BasicOyunSource\uXBasic_repo\tools\FreeBASIC-1.10.1-win64\bin\win64\ld.exe:C:\Users\mete\Downloads\BasicOyunSource\uXBasic_repo\tools\FreeBASIC-1.10.1-win64\lib\win64/libmingw32.a(lib64_libmingw32_a-crt0_c.o):infunction`main':R:\winlibs64-sjlj-9.3.0\mingw-w64-v7.0.0\mingw-w64-crt/crt/crt0_c.c:18:undefinedreferenceto`WinMain',exit_code expected=0 actual=1,fast_results\runs\fast_failed_unique_v7_20260510_172455\logs\0010_0518__s18_STAGE18_MEGA_TEST_CORPUS_TRANSLATORS_PACKAGE__uxm_tests_mega_corpus_test_mega_cmd_dynamic_meta_addr__6a0e5ee1a.raw.log,fast_results\runs\fast_failed_unique_v7_20260510_172455\program_outputs\0010_0518__s18_STAGE18_MEGA_TEST_CORPUS_TRANSLATORS_PACKAGE__uxm_tests_mega_corpus_test_mega_cmd_dynamic_meta_addr__6a0e5ee1a.program.txt,UXM_V33_STAGE18_MEGA_TEST_CORPUS_TRANSLATORS_PACKAGE
11,BUILD_OR_RUN_FAIL,compact,0.3586,1,uxm\tests\all_expected_known\0519__s18_STAGE18_MEGA_TEST_CORPUS_TRANSLATORS_PACKAGE__uxm_tests_mega_corpus_test_mega_cmd_forced_host_meta__9ff7eecddb.uxm,uxm\tests\all_expected_known\0519__s18_STAGE18_MEGA_TEST_CORPUS_TRANSLATORS_PACKAGE__uxm_tests_mega_corpus_test_mega_cmd_forced_host_meta__9ff7eecddb.expect,0519__s18_STAGE18_MEGA_TEST_CORPUS_TRANSLATORS_PACKAGE__uxm_tests_mega_corpus_test_mega_cmd_forced_host_meta__9ff7eecddb,5,C:\Users\mete\Downloads\BasicOyunSource\uXBasic_repo\tools\FreeBASIC-1.10.1-win64\bin\win64\ld.exe:C:\Users\mete\Downloads\BasicOyunSource\uXBasic_repo\tools\FreeBASIC-1.10.1-win64\lib\win64/libmingw32.a(lib64_libmingw32_a-crt0_c.o):infunction`main':R:\winlibs64-sjlj-9.3.0\mingw-w64-v7.0.0\mingw-w64-crt/crt/crt0_c.c:18:undefinedreferenceto`WinMain',exit_code expected=0 actual=1,fast_results\runs\fast_failed_unique_v7_20260510_172455\logs\0011_0519__s18_STAGE18_MEGA_TEST_CORPUS_TRANSLATORS_PACKAGE__uxm_tests_mega_corpus_test_mega_cmd_forced_host_meta__9ff7eecddb.raw.log,fast_results\runs\fast_failed_unique_v7_20260510_172455\program_outputs\0011_0519__s18_STAGE18_MEGA_TEST_CORPUS_TRANSLATORS_PACKAGE__uxm_tests_mega_corpus_test_mega_cmd_forced_host_meta__9ff7eecddb.program.txt,UXM_V33_STAGE18_MEGA_TEST_CORPUS_TRANSLATORS_PACKAGE
12,BUILD_OR_RUN_FAIL,compact,0.3464,1,uxm\tests\all_expected_known\0520__s18_STAGE18_MEGA_TEST_CORPUS_TRANSLATORS_PACKAGE__uxm_tests_mega_corpus_test_mega_cmd_immediate_add__c26151b3c9.uxm,uxm\tests\all_expected_known\0520__s18_STAGE18_MEGA_TEST_CORPUS_TRANSLATORS_PACKAGE__uxm_tests_mega_corpus_test_mega_cmd_immediate_add__c26151b3c9.expect,0520__s18_STAGE18_MEGA_TEST_CORPUS_TRANSLATORS_PACKAGE__uxm_tests_mega_corpus_test_mega_cmd_immediate_add__c26151b3c9,15,C:\Users\mete\Downloads\BasicOyunSource\uXBasic_repo\tools\FreeBASIC-1.10.1-win64\bin\win64\ld.exe:C:\Users\mete\Downloads\BasicOyunSource\uXBasic_repo\tools\FreeBASIC-1.10.1-win64\lib\win64/libmingw32.a(lib64_libmingw32_a-crt0_c.o):infunction`main':R:\winlibs64-sjlj-9.3.0\mingw-w64-v7.0.0\mingw-w64-crt/crt/crt0_c.c:18:undefinedreferenceto`WinMain',exit_code expected=0 actual=1,fast_results\runs\fast_failed_unique_v7_20260510_172455\logs\0012_0520__s18_STAGE18_MEGA_TEST_CORPUS_TRANSLATORS_PACKAGE__uxm_tests_mega_corpus_test_mega_cmd_immediate_add__c26151b3c9.raw.log,fast_results\runs\fast_failed_unique_v7_20260510_172455\program_outputs\0012_0520__s18_STAGE18_MEGA_TEST_CORPUS_TRANSLATORS_PACKAGE__uxm_tests_mega_corpus_test_mega_cmd_immediate_add__c26151b3c9.program.txt,UXM_V33_STAGE18_MEGA_TEST_CORPUS_TRANSLATORS_PACKAGE
13,BUILD_OR_RUN_FAIL,compact,0.347,1,uxm\tests\all_expected_known\0521__s18_STAGE18_MEGA_TEST_CORPUS_TRANSLATORS_PACKAGE__uxm_tests_mega_corpus_test_mega_cmd_immediate_sub__d5b6549c24.uxm,uxm\tests\all_expected_known\0521__s18_STAGE18_MEGA_TEST_CORPUS_TRANSLATORS_PACKAGE__uxm_tests_mega_corpus_test_mega_cmd_immediate_sub__d5b6549c24.expect,0521__s18_STAGE18_MEGA_TEST_CORPUS_TRANSLATORS_PACKAGE__uxm_tests_mega_corpus_test_mega_cmd_immediate_sub__d5b6549c24,7,C:\Users\mete\Downloads\BasicOyunSource\uXBasic_repo\tools\FreeBASIC-1.10.1-win64\bin\win64\ld.exe:C:\Users\mete\Downloads\BasicOyunSource\uXBasic_repo\tools\FreeBASIC-1.10.1-win64\lib\win64/libmingw32.a(lib64_libmingw32_a-crt0_c.o):infunction`main':R:\winlibs64-sjlj-9.3.0\mingw-w64-v7.0.0\mingw-w64-crt/crt/crt0_c.c:18:undefinedreferenceto`WinMain',exit_code expected=0 actual=1,fast_results\runs\fast_failed_unique_v7_20260510_172455\logs\0013_0521__s18_STAGE18_MEGA_TEST_CORPUS_TRANSLATORS_PACKAGE__uxm_tests_mega_corpus_test_mega_cmd_immediate_sub__d5b6549c24.raw.log,fast_results\runs\fast_failed_unique_v7_20260510_172455\program_outputs\0013_0521__s18_STAGE18_MEGA_TEST_CORPUS_TRANSLATORS_PACKAGE__uxm_tests_mega_corpus_test_mega_cmd_immediate_sub__d5b6549c24.program.txt,UXM_V33_STAGE18_MEGA_TEST_CORPUS_TRANSLATORS_PACKAGE
14,BUILD_OR_RUN_FAIL,compact,0.3372,1,uxm\tests\all_expected_known\0523__s18_STAGE18_MEGA_TEST_CORPUS_TRANSLATORS_PACKAGE__uxm_tests_mega_corpus_test_mega_cmd_stack_push_pop__2e1188b1ae.uxm,uxm\tests\all_expected_known\0523__s18_STAGE18_MEGA_TEST_CORPUS_TRANSLATORS_PACKAGE__uxm_tests_mega_corpus_test_mega_cmd_stack_push_pop__2e1188b1ae.expect,0523__s18_STAGE18_MEGA_TEST_CORPUS_TRANSLATORS_PACKAGE__uxm_tests_mega_corpus_test_mega_cmd_stack_push_pop__2e1188b1ae,65,C:\Users\mete\Downloads\BasicOyunSource\uXBasic_repo\tools\FreeBASIC-1.10.1-win64\bin\win64\ld.exe:C:\Users\mete\Downloads\BasicOyunSource\uXBasic_repo\tools\FreeBASIC-1.10.1-win64\lib\win64/libmingw32.a(lib64_libmingw32_a-crt0_c.o):infunction`main':R:\winlibs64-sjlj-9.3.0\mingw-w64-v7.0.0\mingw-w64-crt/crt/crt0_c.c:18:undefinedreferenceto`WinMain',exit_code expected=0 actual=1,fast_results\runs\fast_failed_unique_v7_20260510_172455\logs\0014_0523__s18_STAGE18_MEGA_TEST_CORPUS_TRANSLATORS_PACKAGE__uxm_tests_mega_corpus_test_mega_cmd_stack_push_pop__2e1188b1ae.raw.log,fast_results\runs\fast_failed_unique_v7_20260510_172455\program_outputs\0014_0523__s18_STAGE18_MEGA_TEST_CORPUS_TRANSLATORS_PACKAGE__uxm_tests_mega_corpus_test_mega_cmd_stack_push_pop__2e1188b1ae.program.txt,UXM_V33_STAGE18_MEGA_TEST_CORPUS_TRANSLATORS_PACKAGE
15,BUILD_OR_RUN_FAIL,compact,0.3435,1,uxm\tests\all_expected_known\0528__s18_STAGE18_MEGA_TEST_CORPUS_TRANSLATORS_PACKAGE__uxm_tests_mega_corpus_test_mega_service_007_const_7__09bcbd9ed7.uxm,uxm\tests\all_expected_known\0528__s18_STAGE18_MEGA_TEST_CORPUS_TRANSLATORS_PACKAGE__uxm_tests_mega_corpus_test_mega_service_007_const_7__09bcbd9ed7.expect,0528__s18_STAGE18_MEGA_TEST_CORPUS_TRANSLATORS_PACKAGE__uxm_tests_mega_corpus_test_mega_service_007_const_7__09bcbd9ed7,7,C:\Users\mete\Downloads\BasicOyunSource\uXBasic_repo\tools\FreeBASIC-1.10.1-win64\bin\win64\ld.exe:C:\Users\mete\Downloads\BasicOyunSource\uXBasic_repo\tools\FreeBASIC-1.10.1-win64\lib\win64/libmingw32.a(lib64_libmingw32_a-crt0_c.o):infunction`main':R:\winlibs64-sjlj-9.3.0\mingw-w64-v7.0.0\mingw-w64-crt/crt/crt0_c.c:18:undefinedreferenceto`WinMain',exit_code expected=0 actual=1,fast_results\runs\fast_failed_unique_v7_20260510_172455\logs\0015_0528__s18_STAGE18_MEGA_TEST_CORPUS_TRANSLATORS_PACKAGE__uxm_tests_mega_corpus_test_mega_service_007_const_7__09bcbd9ed7.raw.log,fast_results\runs\fast_failed_unique_v7_20260510_172455\program_outputs\0015_0528__s18_STAGE18_MEGA_TEST_CORPUS_TRANSLATORS_PACKAGE__uxm_tests_mega_corpus_test_mega_service_007_const_7__09bcbd9ed7.program.txt,UXM_V33_STAGE18_MEGA_TEST_CORPUS_TRANSLATORS_PACKAGE
16,BUILD_OR_RUN_FAIL,compact,0.3495,1,uxm\tests\all_expected_known\0529__s18_STAGE18_MEGA_TEST_CORPUS_TRANSLATORS_PACKAGE__uxm_tests_mega_corpus_test_mega_service_008_const_8__8ea967a66a.uxm,uxm\tests\all_expected_known\0529__s18_STAGE18_MEGA_TEST_CORPUS_TRANSLATORS_PACKAGE__uxm_tests_mega_corpus_test_mega_service_008_const_8__8ea967a66a.expect,0529__s18_STAGE18_MEGA_TEST_CORPUS_TRANSLATORS_PACKAGE__uxm_tests_mega_corpus_test_mega_service_008_const_8__8ea967a66a,8,C:\Users\mete\Downloads\BasicOyunSource\uXBasic_repo\tools\FreeBASIC-1.10.1-win64\bin\win64\ld.exe:C:\Users\mete\Downloads\BasicOyunSource\uXBasic_repo\tools\FreeBASIC-1.10.1-win64\lib\win64/libmingw32.a(lib64_libmingw32_a-crt0_c.o):infunction`main':R:\winlibs64-sjlj-9.3.0\mingw-w64-v7.0.0\mingw-w64-crt/crt/crt0_c.c:18:undefinedreferenceto`WinMain',exit_code expected=0 actual=1,fast_results\runs\fast_failed_unique_v7_20260510_172455\logs\0016_0529__s18_STAGE18_MEGA_TEST_CORPUS_TRANSLATORS_PACKAGE__uxm_tests_mega_corpus_test_mega_service_008_const_8__8ea967a66a.raw.log,fast_results\runs\fast_failed_unique_v7_20260510_172455\program_outputs\0016_0529__s18_STAGE18_MEGA_TEST_CORPUS_TRANSLATORS_PACKAGE__uxm_tests_mega_corpus_test_mega_service_008_const_8__8ea967a66a.program.txt,UXM_V33_STAGE18_MEGA_TEST_CORPUS_TRANSLATORS_PACKAGE
17,BUILD_OR_RUN_FAIL,compact,0.3472,1,uxm\tests\all_expected_known\0537__s18_STAGE18_MEGA_TEST_CORPUS_TRANSLATORS_PACKAGE__uxm_tests_mega_corpus_test_mega_service_020_add__e9f9c61b77.uxm,uxm\tests\all_expected_known\0537__s18_STAGE18_MEGA_TEST_CORPUS_TRANSLATORS_PACKAGE__uxm_tests_mega_corpus_test_mega_service_020_add__e9f9c61b77.expect,0537__s18_STAGE18_MEGA_TEST_CORPUS_TRANSLATORS_PACKAGE__uxm_tests_mega_corpus_test_mega_service_020_add__e9f9c61b77,30,C:\Users\mete\Downloads\BasicOyunSource\uXBasic_repo\tools\FreeBASIC-1.10.1-win64\bin\win64\ld.exe:C:\Users\mete\Downloads\BasicOyunSource\uXBasic_repo\tools\FreeBASIC-1.10.1-win64\lib\win64/libmingw32.a(lib64_libmingw32_a-crt0_c.o):infunction`main':R:\winlibs64-sjlj-9.3.0\mingw-w64-v7.0.0\mingw-w64-crt/crt/crt0_c.c:18:undefinedreferenceto`WinMain',exit_code expected=0 actual=1,fast_results\runs\fast_failed_unique_v7_20260510_172455\logs\0017_0537__s18_STAGE18_MEGA_TEST_CORPUS_TRANSLATORS_PACKAGE__uxm_tests_mega_corpus_test_mega_service_020_add__e9f9c61b77.raw.log,fast_results\runs\fast_failed_unique_v7_20260510_172455\program_outputs\0017_0537__s18_STAGE18_MEGA_TEST_CORPUS_TRANSLATORS_PACKAGE__uxm_tests_mega_corpus_test_mega_service_020_add__e9f9c61b77.program.txt,UXM_V33_STAGE18_MEGA_TEST_CORPUS_TRANSLATORS_PACKAGE
18,BUILD_OR_RUN_FAIL,compact,0.3478,1,uxm\tests\all_expected_known\0538__s18_STAGE18_MEGA_TEST_CORPUS_TRANSLATORS_PACKAGE__uxm_tests_mega_corpus_test_mega_service_021_sub__fa56f66ae5.uxm,uxm\tests\all_expected_known\0538__s18_STAGE18_MEGA_TEST_CORPUS_TRANSLATORS_PACKAGE__uxm_tests_mega_corpus_test_mega_service_021_sub__fa56f66ae5.expect,0538__s18_STAGE18_MEGA_TEST_CORPUS_TRANSLATORS_PACKAGE__uxm_tests_mega_corpus_test_mega_service_021_sub__fa56f66ae5,30,C:\Users\mete\Downloads\BasicOyunSource\uXBasic_repo\tools\FreeBASIC-1.10.1-win64\bin\win64\ld.exe:C:\Users\mete\Downloads\BasicOyunSource\uXBasic_repo\tools\FreeBASIC-1.10.1-win64\lib\win64/libmingw32.a(lib64_libmingw32_a-crt0_c.o):infunction`main':R:\winlibs64-sjlj-9.3.0\mingw-w64-v7.0.0\mingw-w64-crt/crt/crt0_c.c:18:undefinedreferenceto`WinMain',exit_code expected=0 actual=1,fast_results\runs\fast_failed_unique_v7_20260510_172455\logs\0018_0538__s18_STAGE18_MEGA_TEST_CORPUS_TRANSLATORS_PACKAGE__uxm_tests_mega_corpus_test_mega_service_021_sub__fa56f66ae5.raw.log,fast_results\runs\fast_failed_unique_v7_20260510_172455\program_outputs\0018_0538__s18_STAGE18_MEGA_TEST_CORPUS_TRANSLATORS_PACKAGE__uxm_tests_mega_corpus_test_mega_service_021_sub__fa56f66ae5.program.txt,UXM_V33_STAGE18_MEGA_TEST_CORPUS_TRANSLATORS_PACKAGE
19,BUILD_OR_RUN_FAIL,compact,0.3493,1,uxm\tests\all_expected_known\0539__s18_STAGE18_MEGA_TEST_CORPUS_TRANSLATORS_PACKAGE__uxm_tests_mega_corpus_test_mega_service_022_mul__8a23bbac00.uxm,uxm\tests\all_expected_known\0539__s18_STAGE18_MEGA_TEST_CORPUS_TRANSLATORS_PACKAGE__uxm_tests_mega_corpus_test_mega_service_022_mul__8a23bbac00.expect,0539__s18_STAGE18_MEGA_TEST_CORPUS_TRANSLATORS_PACKAGE__uxm_tests_mega_corpus_test_mega_service_022_mul__8a23bbac00,42,C:\Users\mete\Downloads\BasicOyunSource\uXBasic_repo\tools\FreeBASIC-1.10.1-win64\bin\win64\ld.exe:C:\Users\mete\Downloads\BasicOyunSource\uXBasic_repo\tools\FreeBASIC-1.10.1-win64\lib\win64/libmingw32.a(lib64_libmingw32_a-crt0_c.o):infunction`main':R:\winlibs64-sjlj-9.3.0\mingw-w64-v7.0.0\mingw-w64-crt/crt/crt0_c.c:18:undefinedreferenceto`WinMain',exit_code expected=0 actual=1,fast_results\runs\fast_failed_unique_v7_20260510_172455\logs\0019_0539__s18_STAGE18_MEGA_TEST_CORPUS_TRANSLATORS_PACKAGE__uxm_tests_mega_corpus_test_mega_service_022_mul__8a23bbac00.raw.log,fast_results\runs\fast_failed_unique_v7_20260510_172455\program_outputs\0019_0539__s18_STAGE18_MEGA_TEST_CORPUS_TRANSLATORS_PACKAGE__uxm_tests_mega_corpus_test_mega_service_022_mul__8a23bbac00.program.txt,UXM_V33_STAGE18_MEGA_TEST_CORPUS_TRANSLATORS_PACKAGE
20,BUILD_OR_RUN_FAIL,compact,0.3476,1,uxm\tests\all_expected_known\0540__s18_STAGE18_MEGA_TEST_CORPUS_TRANSLATORS_PACKAGE__uxm_tests_mega_corpus_test_mega_service_023_div__00b38f2e5c.uxm,uxm\tests\all_expected_known\0540__s18_STAGE18_MEGA_TEST_CORPUS_TRANSLATORS_PACKAGE__uxm_tests_mega_corpus_test_mega_service_023_div__00b38f2e5c.expect,0540__s18_STAGE18_MEGA_TEST_CORPUS_TRANSLATORS_PACKAGE__uxm_tests_mega_corpus_test_mega_service_023_div__00b38f2e5c,4,C:\Users\mete\Downloads\BasicOyunSource\uXBasic_repo\tools\FreeBASIC-1.10.1-win64\bin\win64\ld.exe:C:\Users\mete\Downloads\BasicOyunSource\uXBasic_repo\tools\FreeBASIC-1.10.1-win64\lib\win64/libmingw32.a(lib64_libmingw32_a-crt0_c.o):infunction`main':R:\winlibs64-sjlj-9.3.0\mingw-w64-v7.0.0\mingw-w64-crt/crt/crt0_c.c:18:undefinedreferenceto`WinMain',exit_code expected=0 actual=1,fast_results\runs\fast_failed_unique_v7_20260510_172455\logs\0020_0540__s18_STAGE18_MEGA_TEST_CORPUS_TRANSLATORS_PACKAGE__uxm_tests_mega_corpus_test_mega_service_023_div__00b38f2e5c.raw.log,fast_results\runs\fast_failed_unique_v7_20260510_172455\program_outputs\0020_0540__s18_STAGE18_MEGA_TEST_CORPUS_TRANSLATORS_PACKAGE__uxm_tests_mega_corpus_test_mega_service_023_div__00b38f2e5c.program.txt,UXM_V33_STAGE18_MEGA_TEST_CORPUS_TRANSLATORS_PACKAGE
21,BUILD_OR_RUN_FAIL,compact,0.3469,1,uxm\tests\all_expected_known\0541__s18_STAGE18_MEGA_TEST_CORPUS_TRANSLATORS_PACKAGE__uxm_tests_mega_corpus_test_mega_service_024_mod__a5558b5934.uxm,uxm\tests\all_expected_known\0541__s18_STAGE18_MEGA_TEST_CORPUS_TRANSLATORS_PACKAGE__uxm_tests_mega_corpus_test_mega_service_024_mod__a5558b5934.expect,0541__s18_STAGE18_MEGA_TEST_CORPUS_TRANSLATORS_PACKAGE__uxm_tests_mega_corpus_test_mega_service_024_mod__a5558b5934,3,C:\Users\mete\Downloads\BasicOyunSource\uXBasic_repo\tools\FreeBASIC-1.10.1-win64\bin\win64\ld.exe:C:\Users\mete\Downloads\BasicOyunSource\uXBasic_repo\tools\FreeBASIC-1.10.1-win64\lib\win64/libmingw32.a(lib64_libmingw32_a-crt0_c.o):infunction`main':R:\winlibs64-sjlj-9.3.0\mingw-w64-v7.0.0\mingw-w64-crt/crt/crt0_c.c:18:undefinedreferenceto`WinMain',exit_code expected=0 actual=1,fast_results\runs\fast_failed_unique_v7_20260510_172455\logs\0021_0541__s18_STAGE18_MEGA_TEST_CORPUS_TRANSLATORS_PACKAGE__uxm_tests_mega_corpus_test_mega_service_024_mod__a5558b5934.raw.log,fast_results\runs\fast_failed_unique_v7_20260510_172455\program_outputs\0021_0541__s18_STAGE18_MEGA_TEST_CORPUS_TRANSLATORS_PACKAGE__uxm_tests_mega_corpus_test_mega_service_024_mod__a5558b5934.program.txt,UXM_V33_STAGE18_MEGA_TEST_CORPUS_TRANSLATORS_PACKAGE
22,BUILD_OR_RUN_FAIL,compact,0.3403,1,uxm\tests\all_expected_known\0542__s18_STAGE18_MEGA_TEST_CORPUS_TRANSLATORS_PACKAGE__uxm_tests_mega_corpus_test_mega_service_025_min__d0d8a2723b.uxm,uxm\tests\all_expected_known\0542__s18_STAGE18_MEGA_TEST_CORPUS_TRANSLATORS_PACKAGE__uxm_tests_mega_corpus_test_mega_service_025_min__d0d8a2723b.expect,0542__s18_STAGE18_MEGA_TEST_CORPUS_TRANSLATORS_PACKAGE__uxm_tests_mega_corpus_test_mega_service_025_min__d0d8a2723b,3,C:\Users\mete\Downloads\BasicOyunSource\uXBasic_repo\tools\FreeBASIC-1.10.1-win64\bin\win64\ld.exe:C:\Users\mete\Downloads\BasicOyunSource\uXBasic_repo\tools\FreeBASIC-1.10.1-win64\lib\win64/libmingw32.a(lib64_libmingw32_a-crt0_c.o):infunction`main':R:\winlibs64-sjlj-9.3.0\mingw-w64-v7.0.0\mingw-w64-crt/crt/crt0_c.c:18:undefinedreferenceto`WinMain',exit_code expected=0 actual=1,fast_results\runs\fast_failed_unique_v7_20260510_172455\logs\0022_0542__s18_STAGE18_MEGA_TEST_CORPUS_TRANSLATORS_PACKAGE__uxm_tests_mega_corpus_test_mega_service_025_min__d0d8a2723b.raw.log,fast_results\runs\fast_failed_unique_v7_20260510_172455\program_outputs\0022_0542__s18_STAGE18_MEGA_TEST_CORPUS_TRANSLATORS_PACKAGE__uxm_tests_mega_corpus_test_mega_service_025_min__d0d8a2723b.program.txt,UXM_V33_STAGE18_MEGA_TEST_CORPUS_TRANSLATORS_PACKAGE
23,BUILD_OR_RUN_FAIL,compact,0.3451,1,uxm\tests\all_expected_known\0543__s18_STAGE18_MEGA_TEST_CORPUS_TRANSLATORS_PACKAGE__uxm_tests_mega_corpus_test_mega_service_026_max__31d56e97f6.uxm,uxm\tests\all_expected_known\0543__s18_STAGE18_MEGA_TEST_CORPUS_TRANSLATORS_PACKAGE__uxm_tests_mega_corpus_test_mega_service_026_max__31d56e97f6.expect,0543__s18_STAGE18_MEGA_TEST_CORPUS_TRANSLATORS_PACKAGE__uxm_tests_mega_corpus_test_mega_service_026_max__31d56e97f6,8,C:\Users\mete\Downloads\BasicOyunSource\uXBasic_repo\tools\FreeBASIC-1.10.1-win64\bin\win64\ld.exe:C:\Users\mete\Downloads\BasicOyunSource\uXBasic_repo\tools\FreeBASIC-1.10.1-win64\lib\win64/libmingw32.a(lib64_libmingw32_a-crt0_c.o):infunction`main':R:\winlibs64-sjlj-9.3.0\mingw-w64-v7.0.0\mingw-w64-crt/crt/crt0_c.c:18:undefinedreferenceto`WinMain',exit_code expected=0 actual=1,fast_results\runs\fast_failed_unique_v7_20260510_172455\logs\0023_0543__s18_STAGE18_MEGA_TEST_CORPUS_TRANSLATORS_PACKAGE__uxm_tests_mega_corpus_test_mega_service_026_max__31d56e97f6.raw.log,fast_results\runs\fast_failed_unique_v7_20260510_172455\program_outputs\0023_0543__s18_STAGE18_MEGA_TEST_CORPUS_TRANSLATORS_PACKAGE__uxm_tests_mega_corpus_test_mega_service_026_max__31d56e97f6.program.txt,UXM_V33_STAGE18_MEGA_TEST_CORPUS_TRANSLATORS_PACKAGE
24,BUILD_OR_RUN_FAIL,compact,0.3457,1,uxm\tests\all_expected_known\0544__s18_STAGE18_MEGA_TEST_CORPUS_TRANSLATORS_PACKAGE__uxm_tests_mega_corpus_test_mega_service_027_abs_arg2__9f7689021d.uxm,uxm\tests\all_expected_known\0544__s18_STAGE18_MEGA_TEST_CORPUS_TRANSLATORS_PACKAGE__uxm_tests_mega_corpus_test_mega_service_027_abs_arg2__9f7689021d.expect,0544__s18_STAGE18_MEGA_TEST_CORPUS_TRANSLATORS_PACKAGE__uxm_tests_mega_corpus_test_mega_service_027_abs_arg2__9f7689021d,9,C:\Users\mete\Downloads\BasicOyunSource\uXBasic_repo\tools\FreeBASIC-1.10.1-win64\bin\win64\ld.exe:C:\Users\mete\Downloads\BasicOyunSource\uXBasic_repo\tools\FreeBASIC-1.10.1-win64\lib\win64/libmingw32.a(lib64_libmingw32_a-crt0_c.o):infunction`main':R:\winlibs64-sjlj-9.3.0\mingw-w64-v7.0.0\mingw-w64-crt/crt/crt0_c.c:18:undefinedreferenceto`WinMain',exit_code expected=0 actual=1,fast_results\runs\fast_failed_unique_v7_20260510_172455\logs\0024_0544__s18_STAGE18_MEGA_TEST_CORPUS_TRANSLATORS_PACKAGE__uxm_tests_mega_corpus_test_mega_service_027_abs_arg2__9f7689021d.raw.log,fast_results\runs\fast_failed_unique_v7_20260510_172455\program_outputs\0024_0544__s18_STAGE18_MEGA_TEST_CORPUS_TRANSLATORS_PACKAGE__uxm_tests_mega_corpus_test_mega_service_027_abs_arg2__9f7689021d.program.txt,UXM_V33_STAGE18_MEGA_TEST_CORPUS_TRANSLATORS_PACKAGE
25,BUILD_OR_RUN_FAIL,compact,0.3506,1,uxm\tests\all_expected_known\0545__s18_STAGE18_MEGA_TEST_CORPUS_TRANSLATORS_PACKAGE__uxm_tests_mega_corpus_test_mega_service_028_neg_arg2__1168d32204.uxm,uxm\tests\all_expected_known\0545__s18_STAGE18_MEGA_TEST_CORPUS_TRANSLATORS_PACKAGE__uxm_tests_mega_corpus_test_mega_service_028_neg_arg2__1168d32204.expect,0545__s18_STAGE18_MEGA_TEST_CORPUS_TRANSLATORS_PACKAGE__uxm_tests_mega_corpus_test_mega_service_028_neg_arg2__1168d32204,-9,C:\Users\mete\Downloads\BasicOyunSource\uXBasic_repo\tools\FreeBASIC-1.10.1-win64\bin\win64\ld.exe:C:\Users\mete\Downloads\BasicOyunSource\uXBasic_repo\tools\FreeBASIC-1.10.1-win64\lib\win64/libmingw32.a(lib64_libmingw32_a-crt0_c.o):infunction`main':R:\winlibs64-sjlj-9.3.0\mingw-w64-v7.0.0\mingw-w64-crt/crt/crt0_c.c:18:undefinedreferenceto`WinMain',exit_code expected=0 actual=1,fast_results\runs\fast_failed_unique_v7_20260510_172455\logs\0025_0545__s18_STAGE18_MEGA_TEST_CORPUS_TRANSLATORS_PACKAGE__uxm_tests_mega_corpus_test_mega_service_028_neg_arg2__1168d32204.raw.log,fast_results\runs\fast_failed_unique_v7_20260510_172455\program_outputs\0025_0545__s18_STAGE18_MEGA_TEST_CORPUS_TRANSLATORS_PACKAGE__uxm_tests_mega_corpus_test_mega_service_028_neg_arg2__1168d32204.program.txt,UXM_V33_STAGE18_MEGA_TEST_CORPUS_TRANSLATORS_PACKAGE
26,BUILD_OR_RUN_FAIL,compact,0.3753,1,uxm\tests\all_expected_known\0546__s18_STAGE18_MEGA_TEST_CORPUS_TRANSLATORS_PACKAGE__uxm_tests_mega_corpus_test_mega_service_029_cmp__d790ef44ef.uxm,uxm\tests\all_expected_known\0546__s18_STAGE18_MEGA_TEST_CORPUS_TRANSLATORS_PACKAGE__uxm_tests_mega_corpus_test_mega_service_029_cmp__d790ef44ef.expect,0546__s18_STAGE18_MEGA_TEST_CORPUS_TRANSLATORS_PACKAGE__uxm_tests_mega_corpus_test_mega_service_029_cmp__d790ef44ef,0,C:\Users\mete\Downloads\BasicOyunSource\uXBasic_repo\tools\FreeBASIC-1.10.1-win64\bin\win64\ld.exe:C:\Users\mete\Downloads\BasicOyunSource\uXBasic_repo\tools\FreeBASIC-1.10.1-win64\lib\win64/libmingw32.a(lib64_libmingw32_a-crt0_c.o):infunction`main':R:\winlibs64-sjlj-9.3.0\mingw-w64-v7.0.0\mingw-w64-crt/crt/crt0_c.c:18:undefinedreferenceto`WinMain',exit_code expected=0 actual=1,fast_results\runs\fast_failed_unique_v7_20260510_172455\logs\0026_0546__s18_STAGE18_MEGA_TEST_CORPUS_TRANSLATORS_PACKAGE__uxm_tests_mega_corpus_test_mega_service_029_cmp__d790ef44ef.raw.log,fast_results\runs\fast_failed_unique_v7_20260510_172455\program_outputs\0026_0546__s18_STAGE18_MEGA_TEST_CORPUS_TRANSLATORS_PACKAGE__uxm_tests_mega_corpus_test_mega_service_029_cmp__d790ef44ef.program.txt,UXM_V33_STAGE18_MEGA_TEST_CORPUS_TRANSLATORS_PACKAGE
27,BUILD_OR_RUN_FAIL,compact,0.3536,1,uxm\tests\all_expected_known\0550__s18_STAGE18_MEGA_TEST_CORPUS_TRANSLATORS_PACKAGE__uxm_tests_mega_corpus_test_mega_service_033_div_unsigned_alias__116fd40778.uxm,uxm\tests\all_expected_known\0550__s18_STAGE18_MEGA_TEST_CORPUS_TRANSLATORS_PACKAGE__uxm_tests_mega_corpus_test_mega_service_033_div_unsigned_alias__116fd40778.expect,0550__s18_STAGE18_MEGA_TEST_CORPUS_TRANSLATORS_PACKAGE__uxm_tests_mega_corpus_test_mega_service_033_div_unsigned_alias__116fd40778,4,C:\Users\mete\Downloads\BasicOyunSource\uXBasic_repo\tools\FreeBASIC-1.10.1-win64\bin\win64\ld.exe:C:\Users\mete\Downloads\BasicOyunSource\uXBasic_repo\tools\FreeBASIC-1.10.1-win64\lib\win64/libmingw32.a(lib64_libmingw32_a-crt0_c.o):infunction`main':R:\winlibs64-sjlj-9.3.0\mingw-w64-v7.0.0\mingw-w64-crt/crt/crt0_c.c:18:undefinedreferenceto`WinMain',exit_code expected=0 actual=1,fast_results\runs\fast_failed_unique_v7_20260510_172455\logs\0027_0550__s18_STAGE18_MEGA_TEST_CORPUS_TRANSLATORS_PACKAGE__uxm_tests_mega_corpus_test_mega_service_033_div_unsigned_alias__.raw.log,fast_results\runs\fast_failed_unique_v7_20260510_172455\program_outputs\0027_0550__s18_STAGE18_MEGA_TEST_CORPUS_TRANSLATORS_PACKAGE__uxm_tests_mega_corpus_test_mega_service_033_div_unsigned_alias__.program.txt,UXM_V33_STAGE18_MEGA_TEST_CORPUS_TRANSLATORS_PACKAGE
28,BUILD_OR_RUN_FAIL,compact,0.3584,1,uxm\tests\all_expected_known\0551__s18_STAGE18_MEGA_TEST_CORPUS_TRANSLATORS_PACKAGE__uxm_tests_mega_corpus_test_mega_service_034_div_signed__b853dff78c.uxm,uxm\tests\all_expected_known\0551__s18_STAGE18_MEGA_TEST_CORPUS_TRANSLATORS_PACKAGE__uxm_tests_mega_corpus_test_mega_service_034_div_signed__b853dff78c.expect,0551__s18_STAGE18_MEGA_TEST_CORPUS_TRANSLATORS_PACKAGE__uxm_tests_mega_corpus_test_mega_service_034_div_signed__b853dff78c,4,C:\Users\mete\Downloads\BasicOyunSource\uXBasic_repo\tools\FreeBASIC-1.10.1-win64\bin\win64\ld.exe:C:\Users\mete\Downloads\BasicOyunSource\uXBasic_repo\tools\FreeBASIC-1.10.1-win64\lib\win64/libmingw32.a(lib64_libmingw32_a-crt0_c.o):infunction`main':R:\winlibs64-sjlj-9.3.0\mingw-w64-v7.0.0\mingw-w64-crt/crt/crt0_c.c:18:undefinedreferenceto`WinMain',exit_code expected=0 actual=1,fast_results\runs\fast_failed_unique_v7_20260510_172455\logs\0028_0551__s18_STAGE18_MEGA_TEST_CORPUS_TRANSLATORS_PACKAGE__uxm_tests_mega_corpus_test_mega_service_034_div_signed__b853dff7.raw.log,fast_results\runs\fast_failed_unique_v7_20260510_172455\program_outputs\0028_0551__s18_STAGE18_MEGA_TEST_CORPUS_TRANSLATORS_PACKAGE__uxm_tests_mega_corpus_test_mega_service_034_div_signed__b853dff7.program.txt,UXM_V33_STAGE18_MEGA_TEST_CORPUS_TRANSLATORS_PACKAGE
29,BUILD_OR_RUN_FAIL,compact,0.3496,1,uxm\tests\all_expected_known\0552__s18_STAGE18_MEGA_TEST_CORPUS_TRANSLATORS_PACKAGE__uxm_tests_mega_corpus_test_mega_service_035_mod_unsigned_alias__fe2e94cf65.uxm,uxm\tests\all_expected_known\0552__s18_STAGE18_MEGA_TEST_CORPUS_TRANSLATORS_PACKAGE__uxm_tests_mega_corpus_test_mega_service_035_mod_unsigned_alias__fe2e94cf65.expect,0552__s18_STAGE18_MEGA_TEST_CORPUS_TRANSLATORS_PACKAGE__uxm_tests_mega_corpus_test_mega_service_035_mod_unsigned_alias__fe2e94cf65,3,C:\Users\mete\Downloads\BasicOyunSource\uXBasic_repo\tools\FreeBASIC-1.10.1-win64\bin\win64\ld.exe:C:\Users\mete\Downloads\BasicOyunSource\uXBasic_repo\tools\FreeBASIC-1.10.1-win64\lib\win64/libmingw32.a(lib64_libmingw32_a-crt0_c.o):infunction`main':R:\winlibs64-sjlj-9.3.0\mingw-w64-v7.0.0\mingw-w64-crt/crt/crt0_c.c:18:undefinedreferenceto`WinMain',exit_code expected=0 actual=1,fast_results\runs\fast_failed_unique_v7_20260510_172455\logs\0029_0552__s18_STAGE18_MEGA_TEST_CORPUS_TRANSLATORS_PACKAGE__uxm_tests_mega_corpus_test_mega_service_035_mod_unsigned_alias__.raw.log,fast_results\runs\fast_failed_unique_v7_20260510_172455\program_outputs\0029_0552__s18_STAGE18_MEGA_TEST_CORPUS_TRANSLATORS_PACKAGE__uxm_tests_mega_corpus_test_mega_service_035_mod_unsigned_alias__.program.txt,UXM_V33_STAGE18_MEGA_TEST_CORPUS_TRANSLATORS_PACKAGE
30,BUILD_OR_RUN_FAIL,compact,0.3537,1,uxm\tests\all_expected_known\0553__s18_STAGE18_MEGA_TEST_CORPUS_TRANSLATORS_PACKAGE__uxm_tests_mega_corpus_test_mega_service_036_mod_signed__985eb4a0cc.uxm,uxm\tests\all_expected_known\0553__s18_STAGE18_MEGA_TEST_CORPUS_TRANSLATORS_PACKAGE__uxm_tests_mega_corpus_test_mega_service_036_mod_signed__985eb4a0cc.expect,0553__s18_STAGE18_MEGA_TEST_CORPUS_TRANSLATORS_PACKAGE__uxm_tests_mega_corpus_test_mega_service_036_mod_signed__985eb4a0cc,3,C:\Users\mete\Downloads\BasicOyunSource\uXBasic_repo\tools\FreeBASIC-1.10.1-win64\bin\win64\ld.exe:C:\Users\mete\Downloads\BasicOyunSource\uXBasic_repo\tools\FreeBASIC-1.10.1-win64\lib\win64/libmingw32.a(lib64_libmingw32_a-crt0_c.o):infunction`main':R:\winlibs64-sjlj-9.3.0\mingw-w64-v7.0.0\mingw-w64-crt/crt/crt0_c.c:18:undefinedreferenceto`WinMain',exit_code expected=0 actual=1,fast_results\runs\fast_failed_unique_v7_20260510_172455\logs\0030_0553__s18_STAGE18_MEGA_TEST_CORPUS_TRANSLATORS_PACKAGE__uxm_tests_mega_corpus_test_mega_service_036_mod_signed__985eb4a0.raw.log,fast_results\runs\fast_failed_unique_v7_20260510_172455\program_outputs\0030_0553__s18_STAGE18_MEGA_TEST_CORPUS_TRANSLATORS_PACKAGE__uxm_tests_mega_corpus_test_mega_service_036_mod_signed__985eb4a0.program.txt,UXM_V33_STAGE18_MEGA_TEST_CORPUS_TRANSLATORS_PACKAGE
31,BUILD_OR_RUN_FAIL,compact,0.3402,1,uxm\tests\all_expected_known\0557__s18_STAGE18_MEGA_TEST_CORPUS_TRANSLATORS_PACKAGE__uxm_tests_mega_corpus_test_mega_service_043_hypotenuse__999e2a2fb3.uxm,uxm\tests\all_expected_known\0557__s18_STAGE18_MEGA_TEST_CORPUS_TRANSLATORS_PACKAGE__uxm_tests_mega_corpus_test_mega_service_043_hypotenuse__999e2a2fb3.expect,0557__s18_STAGE18_MEGA_TEST_CORPUS_TRANSLATORS_PACKAGE__uxm_tests_mega_corpus_test_mega_service_043_hypotenuse__999e2a2fb3,5,C:\Users\mete\Downloads\BasicOyunSource\uXBasic_repo\tools\FreeBASIC-1.10.1-win64\bin\win64\ld.exe:C:\Users\mete\Downloads\BasicOyunSource\uXBasic_repo\tools\FreeBASIC-1.10.1-win64\lib\win64/libmingw32.a(lib64_libmingw32_a-crt0_c.o):infunction`main':R:\winlibs64-sjlj-9.3.0\mingw-w64-v7.0.0\mingw-w64-crt/crt/crt0_c.c:18:undefinedreferenceto`WinMain',exit_code expected=0 actual=1,fast_results\runs\fast_failed_unique_v7_20260510_172455\logs\0031_0557__s18_STAGE18_MEGA_TEST_CORPUS_TRANSLATORS_PACKAGE__uxm_tests_mega_corpus_test_mega_service_043_hypotenuse__999e2a2f.raw.log,fast_results\runs\fast_failed_unique_v7_20260510_172455\program_outputs\0031_0557__s18_STAGE18_MEGA_TEST_CORPUS_TRANSLATORS_PACKAGE__uxm_tests_mega_corpus_test_mega_service_043_hypotenuse__999e2a2f.program.txt,UXM_V33_STAGE18_MEGA_TEST_CORPUS_TRANSLATORS_PACKAGE
32,BUILD_OR_RUN_FAIL,compact,0.336,1,uxm\tests\all_expected_known\0560__s18_STAGE18_MEGA_TEST_CORPUS_TRANSLATORS_PACKAGE__uxm_tests_mega_corpus_test_mega_service_046_sqrt__829cbc4853.uxm,uxm\tests\all_expected_known\0560__s18_STAGE18_MEGA_TEST_CORPUS_TRANSLATORS_PACKAGE__uxm_tests_mega_corpus_test_mega_service_046_sqrt__829cbc4853.expect,0560__s18_STAGE18_MEGA_TEST_CORPUS_TRANSLATORS_PACKAGE__uxm_tests_mega_corpus_test_mega_service_046_sqrt__829cbc4853,5,C:\Users\mete\Downloads\BasicOyunSource\uXBasic_repo\tools\FreeBASIC-1.10.1-win64\bin\win64\ld.exe:C:\Users\mete\Downloads\BasicOyunSource\uXBasic_repo\tools\FreeBASIC-1.10.1-win64\lib\win64/libmingw32.a(lib64_libmingw32_a-crt0_c.o):infunction`main':R:\winlibs64-sjlj-9.3.0\mingw-w64-v7.0.0\mingw-w64-crt/crt/crt0_c.c:18:undefinedreferenceto`WinMain',exit_code expected=0 actual=1,fast_results\runs\fast_failed_unique_v7_20260510_172455\logs\0032_0560__s18_STAGE18_MEGA_TEST_CORPUS_TRANSLATORS_PACKAGE__uxm_tests_mega_corpus_test_mega_service_046_sqrt__829cbc4853.raw.log,fast_results\runs\fast_failed_unique_v7_20260510_172455\program_outputs\0032_0560__s18_STAGE18_MEGA_TEST_CORPUS_TRANSLATORS_PACKAGE__uxm_tests_mega_corpus_test_mega_service_046_sqrt__829cbc4853.program.txt,UXM_V33_STAGE18_MEGA_TEST_CORPUS_TRANSLATORS_PACKAGE
33,BUILD_OR_RUN_FAIL,compact,0.3278,1,uxm\tests\all_expected_known\0569__s18_STAGE18_MEGA_TEST_CORPUS_TRANSLATORS_PACKAGE__uxm_tests_mega_corpus_test_mega_service_057_power__500966fa01.uxm,uxm\tests\all_expected_known\0569__s18_STAGE18_MEGA_TEST_CORPUS_TRANSLATORS_PACKAGE__uxm_tests_mega_corpus_test_mega_service_057_power__500966fa01.expect,0569__s18_STAGE18_MEGA_TEST_CORPUS_TRANSLATORS_PACKAGE__uxm_tests_mega_corpus_test_mega_service_057_power__500966fa01,256,C:\Users\mete\Downloads\BasicOyunSource\uXBasic_repo\tools\FreeBASIC-1.10.1-win64\bin\win64\ld.exe:C:\Users\mete\Downloads\BasicOyunSource\uXBasic_repo\tools\FreeBASIC-1.10.1-win64\lib\win64/libmingw32.a(lib64_libmingw32_a-crt0_c.o):infunction`main':R:\winlibs64-sjlj-9.3.0\mingw-w64-v7.0.0\mingw-w64-crt/crt/crt0_c.c:18:undefinedreferenceto`WinMain',exit_code expected=0 actual=1,fast_results\runs\fast_failed_unique_v7_20260510_172455\logs\0033_0569__s18_STAGE18_MEGA_TEST_CORPUS_TRANSLATORS_PACKAGE__uxm_tests_mega_corpus_test_mega_service_057_power__500966fa01.raw.log,fast_results\runs\fast_failed_unique_v7_20260510_172455\program_outputs\0033_0569__s18_STAGE18_MEGA_TEST_CORPUS_TRANSLATORS_PACKAGE__uxm_tests_mega_corpus_test_mega_service_057_power__500966fa01.program.txt,UXM_V33_STAGE18_MEGA_TEST_CORPUS_TRANSLATORS_PACKAGE
34,BUILD_OR_RUN_FAIL,compact,0.3342,1,uxm\tests\all_expected_known\0572__s18_STAGE18_MEGA_TEST_CORPUS_TRANSLATORS_PACKAGE__uxm_tests_mega_corpus_test_mega_service_060_print_arg2_decimal__06fcdc8471.uxm,uxm\tests\all_expected_known\0572__s18_STAGE18_MEGA_TEST_CORPUS_TRANSLATORS_PACKAGE__uxm_tests_mega_corpus_test_mega_service_060_print_arg2_decimal__06fcdc8471.expect,0572__s18_STAGE18_MEGA_TEST_CORPUS_TRANSLATORS_PACKAGE__uxm_tests_mega_corpus_test_mega_service_060_print_arg2_decimal__06fcdc8471,77,C:\Users\mete\Downloads\BasicOyunSource\uXBasic_repo\tools\FreeBASIC-1.10.1-win64\bin\win64\ld.exe:C:\Users\mete\Downloads\BasicOyunSource\uXBasic_repo\tools\FreeBASIC-1.10.1-win64\lib\win64/libmingw32.a(lib64_libmingw32_a-crt0_c.o):infunction`main':R:\winlibs64-sjlj-9.3.0\mingw-w64-v7.0.0\mingw-w64-crt/crt/crt0_c.c:18:undefinedreferenceto`WinMain',exit_code expected=0 actual=1,fast_results\runs\fast_failed_unique_v7_20260510_172455\logs\0034_0572__s18_STAGE18_MEGA_TEST_CORPUS_TRANSLATORS_PACKAGE__uxm_tests_mega_corpus_test_mega_service_060_print_arg2_decimal__.raw.log,fast_results\runs\fast_failed_unique_v7_20260510_172455\program_outputs\0034_0572__s18_STAGE18_MEGA_TEST_CORPUS_TRANSLATORS_PACKAGE__uxm_tests_mega_corpus_test_mega_service_060_print_arg2_decimal__.program.txt,UXM_V33_STAGE18_MEGA_TEST_CORPUS_TRANSLATORS_PACKAGE
35,BUILD_OR_RUN_FAIL,compact,0.3068,1,uxm\tests\all_expected_known\0573__s18_STAGE18_MEGA_TEST_CORPUS_TRANSLATORS_PACKAGE__uxm_tests_mega_corpus_test_mega_service_061_print_result_decimal__3545f540a4.uxm,uxm\tests\all_expected_known\0573__s18_STAGE18_MEGA_TEST_CORPUS_TRANSLATORS_PACKAGE__uxm_tests_mega_corpus_test_mega_service_061_print_result_decimal__3545f540a4.expect,0573__s18_STAGE18_MEGA_TEST_CORPUS_TRANSLATORS_PACKAGE__uxm_tests_mega_corpus_test_mega_service_061_print_result_decimal__3545f540a4,3,C:\Users\mete\Downloads\BasicOyunSource\uXBasic_repo\tools\FreeBASIC-1.10.1-win64\bin\win64\ld.exe:C:\Users\mete\Downloads\BasicOyunSource\uXBasic_repo\tools\FreeBASIC-1.10.1-win64\lib\win64/libmingw32.a(lib64_libmingw32_a-crt0_c.o):infunction`main':R:\winlibs64-sjlj-9.3.0\mingw-w64-v7.0.0\mingw-w64-crt/crt/crt0_c.c:18:undefinedreferenceto`WinMain',exit_code expected=0 actual=1,fast_results\runs\fast_failed_unique_v7_20260510_172455\logs\0035_0573__s18_STAGE18_MEGA_TEST_CORPUS_TRANSLATORS_PACKAGE__uxm_tests_mega_corpus_test_mega_service_061_print_result_decimal.raw.log,fast_results\runs\fast_failed_unique_v7_20260510_172455\program_outputs\0035_0573__s18_STAGE18_MEGA_TEST_CORPUS_TRANSLATORS_PACKAGE__uxm_tests_mega_corpus_test_mega_service_061_print_result_decimal.program.txt,UXM_V33_STAGE18_MEGA_TEST_CORPUS_TRANSLATORS_PACKAGE
36,BUILD_OR_RUN_FAIL,compact,0.2889,1,uxm\tests\all_expected_known\0574__s18_STAGE18_MEGA_TEST_CORPUS_TRANSLATORS_PACKAGE__uxm_tests_mega_corpus_test_mega_service_062_print_stack_pop_decimal__7d86d23ca6.uxm,uxm\tests\all_expected_known\0574__s18_STAGE18_MEGA_TEST_CORPUS_TRANSLATORS_PACKAGE__uxm_tests_mega_corpus_test_mega_service_062_print_stack_pop_decimal__7d86d23ca6.expect,0574__s18_STAGE18_MEGA_TEST_CORPUS_TRANSLATORS_PACKAGE__uxm_tests_mega_corpus_test_mega_service_062_print_stack_pop_decimal__7d86d23ca6,88,C:\Users\mete\Downloads\BasicOyunSource\uXBasic_repo\tools\FreeBASIC-1.10.1-win64\bin\win64\ld.exe:C:\Users\mete\Downloads\BasicOyunSource\uXBasic_repo\tools\FreeBASIC-1.10.1-win64\lib\win64/libmingw32.a(lib64_libmingw32_a-crt0_c.o):infunction`main':R:\winlibs64-sjlj-9.3.0\mingw-w64-v7.0.0\mingw-w64-crt/crt/crt0_c.c:18:undefinedreferenceto`WinMain',exit_code expected=0 actual=1,fast_results\runs\fast_failed_unique_v7_20260510_172455\logs\0036_0574__s18_STAGE18_MEGA_TEST_CORPUS_TRANSLATORS_PACKAGE__uxm_tests_mega_corpus_test_mega_service_062_print_stack_pop_deci.raw.log,fast_results\runs\fast_failed_unique_v7_20260510_172455\program_outputs\0036_0574__s18_STAGE18_MEGA_TEST_CORPUS_TRANSLATORS_PACKAGE__uxm_tests_mega_corpus_test_mega_service_062_print_stack_pop_deci.program.txt,UXM_V33_STAGE18_MEGA_TEST_CORPUS_TRANSLATORS_PACKAGE
37,BUILD_OR_RUN_FAIL,compact,0.2966,1,uxm\tests\all_expected_known\0578__s18_STAGE18_MEGA_TEST_CORPUS_TRANSLATORS_PACKAGE__uxm_tests_mega_corpus_test_mega_service_069_print_arg2_char__9a9abacf17.uxm,uxm\tests\all_expected_known\0578__s18_STAGE18_MEGA_TEST_CORPUS_TRANSLATORS_PACKAGE__uxm_tests_mega_corpus_test_mega_service_069_print_arg2_char__9a9abacf17.expect,0578__s18_STAGE18_MEGA_TEST_CORPUS_TRANSLATORS_PACKAGE__uxm_tests_mega_corpus_test_mega_service_069_print_arg2_char__9a9abacf17,A,C:\Users\mete\Downloads\BasicOyunSource\uXBasic_repo\tools\FreeBASIC-1.10.1-win64\bin\win64\ld.exe:C:\Users\mete\Downloads\BasicOyunSource\uXBasic_repo\tools\FreeBASIC-1.10.1-win64\lib\win64/libmingw32.a(lib64_libmingw32_a-crt0_c.o):infunction`main':R:\winlibs64-sjlj-9.3.0\mingw-w64-v7.0.0\mingw-w64-crt/crt/crt0_c.c:18:undefinedreferenceto`WinMain',exit_code expected=0 actual=1,fast_results\runs\fast_failed_unique_v7_20260510_172455\logs\0037_0578__s18_STAGE18_MEGA_TEST_CORPUS_TRANSLATORS_PACKAGE__uxm_tests_mega_corpus_test_mega_service_069_print_arg2_char__9a9.raw.log,fast_results\runs\fast_failed_unique_v7_20260510_172455\program_outputs\0037_0578__s18_STAGE18_MEGA_TEST_CORPUS_TRANSLATORS_PACKAGE__uxm_tests_mega_corpus_test_mega_service_069_print_arg2_char__9a9.program.txt,UXM_V33_STAGE18_MEGA_TEST_CORPUS_TRANSLATORS_PACKAGE
