sira,durum,mode,sure,exit_code,test_path,expect_path,expected_compact,actual_compact,raw_log,program_output,message
1,UYUSMAZ,compact,5.424,0,uxm\tests\all_expected_known\0001__s10_STAGE10_hotfix1__uxm_tests_fp_test_fp01_add_int__18c1725f7c.uxm,uxm\tests\all_expected_known\0001__s10_STAGE10_hotfix1__uxm_tests_fp_test_fp01_add_int__18c1725f7c.expect,#source:embedded_EXPECT_OUTPUT46.0000000000000000,46.0000000000000000,sonuclar_tum\kosu_20260510_203601\loglar\0001_0001__s10_STAGE10_hotfix1__uxm_tests_fp_test_fp01_add_int__18c1725f7c.raw.log,sonuclar_tum\kosu_20260510_203601\program_ciktilari\0001_0001__s10_STAGE10_hotfix1__uxm_tests_fp_test_fp01_add_int__18c1725f7c.txt,compact
2,UYUSMAZ,compact,4.709,0,uxm\tests\all_expected_known\0002__s10_STAGE10_hotfix1__uxm_tests_fp_test_fp02_sub_int__6ecba5893d.uxm,uxm\tests\all_expected_known\0002__s10_STAGE10_hotfix1__uxm_tests_fp_test_fp02_sub_int__6ecba5893d.expect,#source:embedded_EXPECT_OUTPUT25.0000000000000000,25.0000000000000000,sonuclar_tum\kosu_20260510_203601\loglar\0002_0002__s10_STAGE10_hotfix1__uxm_tests_fp_test_fp02_sub_int__6ecba5893d.raw.log,sonuclar_tum\kosu_20260510_203601\program_ciktilari\0002_0002__s10_STAGE10_hotfix1__uxm_tests_fp_test_fp02_sub_int__6ecba5893d.txt,compact
3,UYUSMAZ,compact,4.609,0,uxm\tests\all_expected_known\0003__s10_STAGE10_hotfix1__uxm_tests_fp_test_fp03_mul_int__c545076a65.uxm,uxm\tests\all_expected_known\0003__s10_STAGE10_hotfix1__uxm_tests_fp_test_fp03_mul_int__c545076a65.expect,#source:embedded_EXPECT_OUTPUT408.0000000000000000,408.0000000000000000,sonuclar_tum\kosu_20260510_203601\loglar\0003_0003__s10_STAGE10_hotfix1__uxm_tests_fp_test_fp03_mul_int__c545076a65.raw.log,sonuclar_tum\kosu_20260510_203601\program_ciktilari\0003_0003__s10_STAGE10_hotfix1__uxm_tests_fp_test_fp03_mul_int__c545076a65.txt,compact
4,UYUSMAZ,compact,4.835,0,uxm\tests\all_expected_known\0004__s10_STAGE10_hotfix1__uxm_tests_fp_test_fp04_div_int__d98e9e479e.uxm,uxm\tests\all_expected_known\0004__s10_STAGE10_hotfix1__uxm_tests_fp_test_fp04_div_int__d98e9e479e.expect,#source:embedded_EXPECT_OUTPUT3.3333333333333333,3.3333333333333333,sonuclar_tum\kosu_20260510_203601\loglar\0004_0004__s10_STAGE10_hotfix1__uxm_tests_fp_test_fp04_div_int__d98e9e479e.raw.log,sonuclar_tum\kosu_20260510_203601\program_ciktilari\0004_0004__s10_STAGE10_hotfix1__uxm_tests_fp_test_fp04_div_int__d98e9e479e.txt,compact
5,UYUSMAZ,compact,5.278,0,uxm\tests\all_expected_known\0005__s10_STAGE10_hotfix1__uxm_tests_fp_test_fp05_from_string__7dcbf9b0c9.uxm,uxm\tests\all_expected_known\0005__s10_STAGE10_hotfix1__uxm_tests_fp_test_fp05_from_string__7dcbf9b0c9.expect,#source:embedded_EXPECT_OUTPUT12.3400000000000000,12.3400000000000000,sonuclar_tum\kosu_20260510_203601\loglar\0005_0005__s10_STAGE10_hotfix1__uxm_tests_fp_test_fp05_from_string__7dcbf9b0c9.raw.log,sonuclar_tum\kosu_20260510_203601\program_ciktilari\0005_0005__s10_STAGE10_hotfix1__uxm_tests_fp_test_fp05_from_string__7dcbf9b0c9.txt,compact
6,UYUSMAZ,compact,5.224,0,uxm\tests\all_expected_known\0006__s10_STAGE10_hotfix1__uxm_tests_fp_test_fp06_add_dec_string__1caccb2f3c.uxm,uxm\tests\all_expected_known\0006__s10_STAGE10_hotfix1__uxm_tests_fp_test_fp06_add_dec_string__1caccb2f3c.expect,#source:embedded_EXPECT_OUTPUT17.9400000000000000,17.9400000000000000,sonuclar_tum\kosu_20260510_203601\loglar\0006_0006__s10_STAGE10_hotfix1__uxm_tests_fp_test_fp06_add_dec_string__1caccb2f3c.raw.log,sonuclar_tum\kosu_20260510_203601\program_ciktilari\0006_0006__s10_STAGE10_hotfix1__uxm_tests_fp_test_fp06_add_dec_string__1caccb2f3c.txt,compact
7,UYUSMAZ,compact,4.867,0,uxm\tests\all_expected_known\0007__s10_STAGE10_hotfix1__uxm_tests_fp_test_fp07_int_zero_sign_abs__3a5c5c2bca.uxm,uxm\tests\all_expected_known\0007__s10_STAGE10_hotfix1__uxm_tests_fp_test_fp07_int_zero_sign_abs__3a5c5c2bca.expect,#source:embedded_EXPECT_OUTPUT210010210,210010210,sonuclar_tum\kosu_20260510_203601\loglar\0007_0007__s10_STAGE10_hotfix1__uxm_tests_fp_test_fp07_int_zero_sign_abs__3a5c5c2bca.raw.log,sonuclar_tum\kosu_20260510_203601\program_ciktilari\0007_0007__s10_STAGE10_hotfix1__uxm_tests_fp_test_fp07_int_zero_sign_abs__3a5c5c2bca.txt,compact
8,UYUSMAZ,compact,4.957,0,uxm\tests\all_expected_known\0008__s10_STAGE10_hotfix1__uxm_tests_math_test_math01_poly_deriv_arge__dea08874ec.uxm,uxm\tests\all_expected_known\0008__s10_STAGE10_hotfix1__uxm_tests_math_test_math01_poly_deriv_arge__dea08874ec.expect,#source:embedded_EXPECT_OUTPUT4+12x+24x^2,4+12x+24x^2,sonuclar_tum\kosu_20260510_203601\loglar\0008_0008__s10_STAGE10_hotfix1__uxm_tests_math_test_math01_poly_deriv_arge__dea08874ec.raw.log,sonuclar_tum\kosu_20260510_203601\program_ciktilari\0008_0008__s10_STAGE10_hotfix1__uxm_tests_math_test_math01_poly_deriv_arge__dea08874ec.txt,compact
9,UYUSMAZ,compact,4.826,0,uxm\tests\all_expected_known\0009__s10_STAGE10_hotfix1__uxm_tests_math_test_math02_poly_integral_arge__f2b514b3e4.uxm,uxm\tests\all_expected_known\0009__s10_STAGE10_hotfix1__uxm_tests_math_test_math02_poly_integral_arge__f2b514b3e4.expect,#source:embedded_EXPECT_OUTPUT0+2x+2x^2+2x^3+2x^4,0+2x+2x^2+2x^3+2x^4,sonuclar_tum\kosu_20260510_203601\loglar\0009_0009__s10_STAGE10_hotfix1__uxm_tests_math_test_math02_poly_integral_arge__f2b514b3e4.raw.log,sonuclar_tum\kosu_20260510_203601\program_ciktilari\0009_0009__s10_STAGE10_hotfix1__uxm_tests_math_test_math02_poly_integral_arge__f2b514b3e4.txt,compact
10,UYUSMAZ,compact,4.670,0,uxm\tests\all_expected_known\0010__s10_STAGE10_hotfix1__uxm_tests_math_test_math03_poly_eval_arge__7f1d2b2783.uxm,uxm\tests\all_expected_known\0010__s10_STAGE10_hotfix1__uxm_tests_math_test_math03_poly_eval_arge__7f1d2b2783.expect,#source:embedded_EXPECT_OUTPUT98,98,sonuclar_tum\kosu_20260510_203601\loglar\0010_0010__s10_STAGE10_hotfix1__uxm_tests_math_test_math03_poly_eval_arge__7f1d2b2783.raw.log,sonuclar_tum\kosu_20260510_203601\program_ciktilari\0010_0010__s10_STAGE10_hotfix1__uxm_tests_math_test_math03_poly_eval_arge__7f1d2b2783.txt,compact
11,BASARILI,compact,5.008,0,uxm\tests\all_expected_known\0011__s10_STAGE10_hotfix1__uxm_tests_math_test_math04_expr_rpn_eval__2f2f641449.uxm,uxm\tests\all_expected_known\0011__s10_STAGE10_hotfix1__uxm_tests_math_test_math04_expr_rpn_eval__2f2f641449.expect,0,0,sonuclar_tum\kosu_20260510_203601\loglar\0011_0011__s10_STAGE10_hotfix1__uxm_tests_math_test_math04_expr_rpn_eval__2f2f641449.raw.log,sonuclar_tum\kosu_20260510_203601\program_ciktilari\0011_0011__s10_STAGE10_hotfix1__uxm_tests_math_test_math04_expr_rpn_eval__2f2f641449.txt,compact
12,BASARILI,compact,4.850,0,uxm\tests\all_expected_known\0012__s10_STAGE10_hotfix1__uxm_tests_math_test_math05_num_deriv__191a99caff.uxm,uxm\tests\all_expected_known\0012__s10_STAGE10_hotfix1__uxm_tests_math_test_math05_num_deriv__191a99caff.expect,0,0,sonuclar_tum\kosu_20260510_203601\loglar\0012_0012__s10_STAGE10_hotfix1__uxm_tests_math_test_math05_num_deriv__191a99caff.raw.log,sonuclar_tum\kosu_20260510_203601\program_ciktilari\0012_0012__s10_STAGE10_hotfix1__uxm_tests_math_test_math05_num_deriv__191a99caff.txt,compact
13,BASARILI,compact,4.723,0,uxm\tests\all_expected_known\0013__s10_STAGE10_hotfix1__uxm_tests_math_test_math06_integral_trap__f9df1f263f.uxm,uxm\tests\all_expected_known\0013__s10_STAGE10_hotfix1__uxm_tests_math_test_math06_integral_trap__f9df1f263f.expect,0,0,sonuclar_tum\kosu_20260510_203601\loglar\0013_0013__s10_STAGE10_hotfix1__uxm_tests_math_test_math06_integral_trap__f9df1f263f.raw.log,sonuclar_tum\kosu_20260510_203601\program_ciktilari\0013_0013__s10_STAGE10_hotfix1__uxm_tests_math_test_math06_integral_trap__f9df1f263f.txt,compact
14,BASARILI,compact,5.649,0,uxm\tests\all_expected_known\0014__s10_STAGE10_hotfix1__uxm_tests_math_test_math07_integral_simpson__7adae488ba.uxm,uxm\tests\all_expected_known\0014__s10_STAGE10_hotfix1__uxm_tests_math_test_math07_integral_simpson__7adae488ba.expect,0,0,sonuclar_tum\kosu_20260510_203601\loglar\0014_0014__s10_STAGE10_hotfix1__uxm_tests_math_test_math07_integral_simpson__7adae488ba.raw.log,sonuclar_tum\kosu_20260510_203601\program_ciktilari\0014_0014__s10_STAGE10_hotfix1__uxm_tests_math_test_math07_integral_simpson__7adae488ba.txt,compact
15,BASARILI,compact,5.874,0,uxm\tests\all_expected_known\0015__s10_STAGE10_hotfix1__uxm_tests_matrix_tmp_det_debug__0ea11514b5.uxm,uxm\tests\all_expected_known\0015__s10_STAGE10_hotfix1__uxm_tests_matrix_tmp_det_debug__0ea11514b5.expect,[12][34]-2,[12][34]-2,sonuclar_tum\kosu_20260510_203601\loglar\0015_0015__s10_STAGE10_hotfix1__uxm_tests_matrix_tmp_det_debug__0ea11514b5.raw.log,sonuclar_tum\kosu_20260510_203601\program_ciktilari\0015_0015__s10_STAGE10_hotfix1__uxm_tests_matrix_tmp_det_debug__0ea11514b5.txt,compact
16,UYUSMAZ,compact,3.944,0,uxm\tests\all_expected_known\0016__s10_STAGE10_hotfix1__uxm_tests_matrix_test_matrix01_init_set_print__15a7b101f5.uxm,uxm\tests\all_expected_known\0016__s10_STAGE10_hotfix1__uxm_tests_matrix_test_matrix01_init_set_print__15a7b101f5.expect,#source:embedded_EXPECT_OUTPUT[12][34],[12][34],sonuclar_tum\kosu_20260510_203601\loglar\0016_0016__s10_STAGE10_hotfix1__uxm_tests_matrix_test_matrix01_init_set_print__15a7b101f5.raw.log,sonuclar_tum\kosu_20260510_203601\program_ciktilari\0016_0016__s10_STAGE10_hotfix1__uxm_tests_matrix_test_matrix01_init_set_print__15a7b101f5.txt,compact
17,UYUSMAZ,compact,4.675,0,uxm\tests\all_expected_known\0017__s10_STAGE10_hotfix1__uxm_tests_matrix_test_matrix02_add_2x2__d6ea7d27d1.uxm,uxm\tests\all_expected_known\0017__s10_STAGE10_hotfix1__uxm_tests_matrix_test_matrix02_add_2x2__d6ea7d27d1.expect,#source:embedded_EXPECT_OUTPUT[68][1012],[68][1012],sonuclar_tum\kosu_20260510_203601\loglar\0017_0017__s10_STAGE10_hotfix1__uxm_tests_matrix_test_matrix02_add_2x2__d6ea7d27d1.raw.log,sonuclar_tum\kosu_20260510_203601\program_ciktilari\0017_0017__s10_STAGE10_hotfix1__uxm_tests_matrix_test_matrix02_add_2x2__d6ea7d27d1.txt,compact
18,UYUSMAZ,compact,4.843,0,uxm\tests\all_expected_known\0018__s10_STAGE10_hotfix1__uxm_tests_matrix_test_matrix03_mul_2x2__41485263d4.uxm,uxm\tests\all_expected_known\0018__s10_STAGE10_hotfix1__uxm_tests_matrix_test_matrix03_mul_2x2__41485263d4.expect,#source:embedded_EXPECT_OUTPUT[1922][4350],[1922][4350],sonuclar_tum\kosu_20260510_203601\loglar\0018_0018__s10_STAGE10_hotfix1__uxm_tests_matrix_test_matrix03_mul_2x2__41485263d4.raw.log,sonuclar_tum\kosu_20260510_203601\program_ciktilari\0018_0018__s10_STAGE10_hotfix1__uxm_tests_matrix_test_matrix03_mul_2x2__41485263d4.txt,compact
19,UYUSMAZ,compact,4.840,0,uxm\tests\all_expected_known\0019__s10_STAGE10_hotfix1__uxm_tests_matrix_test_matrix04_identity_trace_det2__dc519cfef9.uxm,uxm\tests\all_expected_known\0019__s10_STAGE10_hotfix1__uxm_tests_matrix_test_matrix04_identity_trace_det2__dc519cfef9.expect,#source:embedded_EXPECT_OUTPUT[100][010][001]3-2,[100][010][001]3-2,sonuclar_tum\kosu_20260510_203601\loglar\0019_0019__s10_STAGE10_hotfix1__uxm_tests_matrix_test_matrix04_identity_trace_det2__dc519cfef9.raw.log,sonuclar_tum\kosu_20260510_203601\program_ciktilari\0019_0019__s10_STAGE10_hotfix1__uxm_tests_matrix_test_matrix04_identity_trace_det2__dc519cfef9.txt,compact
20,UYUSMAZ,compact,4.617,0,uxm\tests\all_expected_known\0020__s10_STAGE10_hotfix1__uxm_tests_native_test01_print_A__b500a9cd9d.uxm,uxm\tests\all_expected_known\0020__s10_STAGE10_hotfix1__uxm_tests_native_test01_print_A__b500a9cd9d.expect,#source:embedded_EXPECT_OUTPUT50,50,sonuclar_tum\kosu_20260510_203601\loglar\0020_0020__s10_STAGE10_hotfix1__uxm_tests_native_test01_print_A__b500a9cd9d.raw.log,sonuclar_tum\kosu_20260510_203601\program_ciktilari\0020_0020__s10_STAGE10_hotfix1__uxm_tests_native_test01_print_A__b500a9cd9d.txt,compact
21,UYUSMAZ,compact,4.298,0,uxm\tests\all_expected_known\0024__s10_STAGE10_hotfix1__uxm_tests_native_test05_meta_add__7f35cb022e.uxm,uxm\tests\all_expected_known\0024__s10_STAGE10_hotfix1__uxm_tests_native_test05_meta_add__7f35cb022e.expect,#source:embedded_EXPECT_OUTPUT30,30,sonuclar_tum\kosu_20260510_203601\loglar\0021_0024__s10_STAGE10_hotfix1__uxm_tests_native_test05_meta_add__7f35cb022e.raw.log,sonuclar_tum\kosu_20260510_203601\program_ciktilari\0021_0024__s10_STAGE10_hotfix1__uxm_tests_native_test05_meta_add__7f35cb022e.txt,compact
22,UYUSMAZ,compact,3.798,0,uxm\tests\all_expected_known\0025__s10_STAGE10_hotfix1__uxm_tests_native_test06_dynamic_meta_mul__29485899d9.uxm,uxm\tests\all_expected_known\0025__s10_STAGE10_hotfix1__uxm_tests_native_test06_dynamic_meta_mul__29485899d9.expect,#source:embedded_EXPECT_OUTPUT42,42,sonuclar_tum\kosu_20260510_203601\loglar\0022_0025__s10_STAGE10_hotfix1__uxm_tests_native_test06_dynamic_meta_mul__29485899d9.raw.log,sonuclar_tum\kosu_20260510_203601\program_ciktilari\0022_0025__s10_STAGE10_hotfix1__uxm_tests_native_test06_dynamic_meta_mul__29485899d9.txt,compact
23,UYUSMAZ,compact,4.179,0,uxm\tests\all_expected_known\0028__s10_STAGE10_hotfix1__uxm_tests_native_test09_div_mod__a7bc2502ca.uxm,uxm\tests\all_expected_known\0028__s10_STAGE10_hotfix1__uxm_tests_native_test09_div_mod__a7bc2502ca.expect,#source:embedded_EXPECT_OUTPUT32,32,sonuclar_tum\kosu_20260510_203601\loglar\0023_0028__s10_STAGE10_hotfix1__uxm_tests_native_test09_div_mod__a7bc2502ca.raw.log,sonuclar_tum\kosu_20260510_203601\program_ciktilari\0023_0028__s10_STAGE10_hotfix1__uxm_tests_native_test09_div_mod__a7bc2502ca.txt,compact
24,UYUSMAZ,compact,4.773,0,uxm\tests\all_expected_known\0029__s10_STAGE10_hotfix1__uxm_tests_native_test10_sin_scaled__ecc0b20106.uxm,uxm\tests\all_expected_known\0029__s10_STAGE10_hotfix1__uxm_tests_native_test10_sin_scaled__ecc0b20106.expect,#source:embedded_EXPECT_OUTPUT50,50,sonuclar_tum\kosu_20260510_203601\loglar\0024_0029__s10_STAGE10_hotfix1__uxm_tests_native_test10_sin_scaled__ecc0b20106.raw.log,sonuclar_tum\kosu_20260510_203601\program_ciktilari\0024_0029__s10_STAGE10_hotfix1__uxm_tests_native_test10_sin_scaled__ecc0b20106.txt,compact
25,UYUSMAZ,compact,4.648,0,uxm\tests\all_expected_known\0030__s10_STAGE10_hotfix1__uxm_tests_native_test11_hypotenuse__a38c889f46.uxm,uxm\tests\all_expected_known\0030__s10_STAGE10_hotfix1__uxm_tests_native_test11_hypotenuse__a38c889f46.expect,#source:embedded_EXPECT_OUTPUT5,5,sonuclar_tum\kosu_20260510_203601\loglar\0025_0030__s10_STAGE10_hotfix1__uxm_tests_native_test11_hypotenuse__a38c889f46.raw.log,sonuclar_tum\kosu_20260510_203601\program_ciktilari\0025_0030__s10_STAGE10_hotfix1__uxm_tests_native_test11_hypotenuse__a38c889f46.txt,compact
26,UYUSMAZ,compact,4.711,0,uxm\tests\all_expected_known\0031__s10_STAGE10_hotfix1__uxm_tests_native_test12_signed_mode__7d57850849.uxm,uxm\tests\all_expected_known\0031__s10_STAGE10_hotfix1__uxm_tests_native_test12_signed_mode__7d57850849.expect,#source:embedded_EXPECT_OUTPUT0,0,sonuclar_tum\kosu_20260510_203601\loglar\0026_0031__s10_STAGE10_hotfix1__uxm_tests_native_test12_signed_mode__7d57850849.raw.log,sonuclar_tum\kosu_20260510_203601\program_ciktilari\0026_0031__s10_STAGE10_hotfix1__uxm_tests_native_test12_signed_mode__7d57850849.txt,compact
27,BASARILI,compact,4.715,0,uxm\tests\all_expected_known\0032__s10_STAGE10_hotfix1__uxm_tests_native_test13_status_div_zero__1517d0d659.uxm,uxm\tests\all_expected_known\0032__s10_STAGE10_hotfix1__uxm_tests_native_test13_status_div_zero__1517d0d659.expect,0,0,sonuclar_tum\kosu_20260510_203601\loglar\0027_0032__s10_STAGE10_hotfix1__uxm_tests_native_test13_status_div_zero__1517d0d659.raw.log,sonuclar_tum\kosu_20260510_203601\program_ciktilari\0027_0032__s10_STAGE10_hotfix1__uxm_tests_native_test13_status_div_zero__1517d0d659.txt,compact
28,UYUSMAZ,compact,4.110,0,uxm\tests\all_expected_known\0033__s10_STAGE10_hotfix1__uxm_tests_native_test14_branch_current_zero__475660ecab.uxm,uxm\tests\all_expected_known\0033__s10_STAGE10_hotfix1__uxm_tests_native_test14_branch_current_zero__475660ecab.expect,B, B,sonuclar_tum\kosu_20260510_203601\loglar\0028_0033__s10_STAGE10_hotfix1__uxm_tests_native_test14_branch_current_zero__475660ecab.raw.log,sonuclar_tum\kosu_20260510_203601\program_ciktilari\0028_0033__s10_STAGE10_hotfix1__uxm_tests_native_test14_branch_current_zero__475660ecab.txt,compact
29,UYUSMAZ,compact,3.795,0,uxm\tests\all_expected_known\0034__s10_STAGE10_hotfix1__uxm_tests_native_test15_branch_nonzero__264c6a7d20.uxm,uxm\tests\all_expected_known\0034__s10_STAGE10_hotfix1__uxm_tests_native_test15_branch_nonzero__264c6a7d20.expect,B,B,sonuclar_tum\kosu_20260510_203601\loglar\0029_0034__s10_STAGE10_hotfix1__uxm_tests_native_test15_branch_nonzero__264c6a7d20.raw.log,sonuclar_tum\kosu_20260510_203601\program_ciktilari\0029_0034__s10_STAGE10_hotfix1__uxm_tests_native_test15_branch_nonzero__264c6a7d20.txt,compact
30,UYUSMAZ,compact,4.438,0,uxm\tests\all_expected_known\0035__s10_STAGE10_hotfix1__uxm_tests_native_test16_data_digit__8156a7eb55.uxm,uxm\tests\all_expected_known\0035__s10_STAGE10_hotfix1__uxm_tests_native_test16_data_digit__8156a7eb55.expect,#source:embedded_EXPECT_OUTPUT5,5,sonuclar_tum\kosu_20260510_203601\loglar\0030_0035__s10_STAGE10_hotfix1__uxm_tests_native_test16_data_digit__8156a7eb55.raw.log,sonuclar_tum\kosu_20260510_203601\program_ciktilari\0030_0035__s10_STAGE10_hotfix1__uxm_tests_native_test16_data_digit__8156a7eb55.txt,compact
31,UYUSMAZ,compact,4.853,0,uxm\tests\all_expected_known\0037__s10_STAGE10_hotfix1__uxm_tests_native_test18_pointer_service__df26f04e62.uxm,uxm\tests\all_expected_known\0037__s10_STAGE10_hotfix1__uxm_tests_native_test18_pointer_service__df26f04e62.expect,#source:embedded_EXPECT_OUTPUTA,A,sonuclar_tum\kosu_20260510_203601\loglar\0031_0037__s10_STAGE10_hotfix1__uxm_tests_native_test18_pointer_service__df26f04e62.raw.log,sonuclar_tum\kosu_20260510_203601\program_ciktilari\0031_0037__s10_STAGE10_hotfix1__uxm_tests_native_test18_pointer_service__df26f04e62.txt,compact
32,UYUSMAZ,compact,4.624,0,uxm\tests\all_expected_known\0038__s10_STAGE10_hotfix1__uxm_tests_native_test20_fifo_char_order__c1764b342c.uxm,uxm\tests\all_expected_known\0038__s10_STAGE10_hotfix1__uxm_tests_native_test20_fifo_char_order__c1764b342c.expect,#source:embedded_EXPECT_OUTPUTAB,AB,sonuclar_tum\kosu_20260510_203601\loglar\0032_0038__s10_STAGE10_hotfix1__uxm_tests_native_test20_fifo_char_order__c1764b342c.raw.log,sonuclar_tum\kosu_20260510_203601\program_ciktilari\0032_0038__s10_STAGE10_hotfix1__uxm_tests_native_test20_fifo_char_order__c1764b342c.txt,compact
33,UYUSMAZ,compact,4.802,0,uxm\tests\all_expected_known\0039__s10_STAGE10_hotfix1__uxm_tests_native_test21_fifo_count_peek__7cbb128eb0.uxm,uxm\tests\all_expected_known\0039__s10_STAGE10_hotfix1__uxm_tests_native_test21_fifo_count_peek__7cbb128eb0.expect,#source:embedded_EXPECT_OUTPUT210,210,sonuclar_tum\kosu_20260510_203601\loglar\0033_0039__s10_STAGE10_hotfix1__uxm_tests_native_test21_fifo_count_peek__7cbb128eb0.raw.log,sonuclar_tum\kosu_20260510_203601\program_ciktilari\0033_0039__s10_STAGE10_hotfix1__uxm_tests_native_test21_fifo_count_peek__7cbb128eb0.txt,compact
34,UYUSMAZ,compact,4.623,0,uxm\tests\all_expected_known\0040__s10_STAGE10_hotfix1__uxm_tests_native_test22_data_write_read_char__73195918bb.uxm,uxm\tests\all_expected_known\0040__s10_STAGE10_hotfix1__uxm_tests_native_test22_data_write_read_char__73195918bb.expect,#source:embedded_EXPECT_OUTPUTX,X,sonuclar_tum\kosu_20260510_203601\loglar\0034_0040__s10_STAGE10_hotfix1__uxm_tests_native_test22_data_write_read_char__73195918bb.raw.log,sonuclar_tum\kosu_20260510_203601\program_ciktilari\0034_0040__s10_STAGE10_hotfix1__uxm_tests_native_test22_data_write_read_char__73195918bb.txt,compact
35,UYUSMAZ,compact,3.924,0,uxm\tests\all_expected_known\0041__s10_STAGE10_hotfix1__uxm_tests_native_test23_data_digit_ascii_to_number__ce86650ec8.uxm,uxm\tests\all_expected_known\0041__s10_STAGE10_hotfix1__uxm_tests_native_test23_data_digit_ascii_to_number__ce86650ec8.expect,#source:embedded_EXPECT_OUTPUT8,8,sonuclar_tum\kosu_20260510_203601\loglar\0035_0041__s10_STAGE10_hotfix1__uxm_tests_native_test23_data_digit_ascii_to_number__ce86650ec8.raw.log,sonuclar_tum\kosu_20260510_203601\program_ciktilari\0035_0041__s10_STAGE10_hotfix1__uxm_tests_native_test23_data_digit_ascii_to_number__ce86650ec8.txt,compact
36,UYUSMAZ,compact,4.032,0,uxm\tests\all_expected_known\0042__s10_STAGE10_hotfix1__uxm_tests_native_test24_data_block_copy_print__0544393ce5.uxm,uxm\tests\all_expected_known\0042__s10_STAGE10_hotfix1__uxm_tests_native_test24_data_block_copy_print__0544393ce5.expect,#source:embedded_EXPECT_OUTPUTHELLO,HELLO,sonuclar_tum\kosu_20260510_203601\loglar\0036_0042__s10_STAGE10_hotfix1__uxm_tests_native_test24_data_block_copy_print__0544393ce5.raw.log,sonuclar_tum\kosu_20260510_203601\program_ciktilari\0036_0042__s10_STAGE10_hotfix1__uxm_tests_native_test24_data_block_copy_print__0544393ce5.txt,compact
37,UYUSMAZ,compact,4.951,0,uxm\tests\all_expected_known\0043__s10_STAGE10_hotfix1__uxm_tests_native_test25_data_sort_ascending__d04d7a1665.uxm,uxm\tests\all_expected_known\0043__s10_STAGE10_hotfix1__uxm_tests_native_test25_data_sort_ascending__d04d7a1665.expect,#source:embedded_EXPECT_OUTPUTABC,ABC,sonuclar_tum\kosu_20260510_203601\loglar\0037_0043__s10_STAGE10_hotfix1__uxm_tests_native_test25_data_sort_ascending__d04d7a1665.raw.log,sonuclar_tum\kosu_20260510_203601\program_ciktilari\0037_0043__s10_STAGE10_hotfix1__uxm_tests_native_test25_data_sort_ascending__d04d7a1665.txt,compact
38,UYUSMAZ,compact,4.699,0,uxm\tests\all_expected_known\0044__s10_STAGE10_hotfix1__uxm_tests_native_test26_tape_sort_descending_chars__9f54dd8c13.uxm,uxm\tests\all_expected_known\0044__s10_STAGE10_hotfix1__uxm_tests_native_test26_tape_sort_descending_chars__9f54dd8c13.expect,#source:embedded_EXPECT_OUTPUT321,321,sonuclar_tum\kosu_20260510_203601\loglar\0038_0044__s10_STAGE10_hotfix1__uxm_tests_native_test26_tape_sort_descending_chars__9f54dd8c13.raw.log,sonuclar_tum\kosu_20260510_203601\program_ciktilari\0038_0044__s10_STAGE10_hotfix1__uxm_tests_native_test26_tape_sort_descending_chars__9f54dd8c13.txt,compact
39,UYUSMAZ,compact,4.604,0,uxm\tests\all_expected_known\0045__s10_STAGE10_hotfix1__uxm_tests_native_test27_tape_linear_search__2cd880af08.uxm,uxm\tests\all_expected_known\0045__s10_STAGE10_hotfix1__uxm_tests_native_test27_tape_linear_search__2cd880af08.expect,#source:embedded_EXPECT_OUTPUT2,2,sonuclar_tum\kosu_20260510_203601\loglar\0039_0045__s10_STAGE10_hotfix1__uxm_tests_native_test27_tape_linear_search__2cd880af08.raw.log,sonuclar_tum\kosu_20260510_203601\program_ciktilari\0039_0045__s10_STAGE10_hotfix1__uxm_tests_native_test27_tape_linear_search__2cd880af08.txt,compact
40,UYUSMAZ,compact,4.575,0,uxm\tests\all_expected_known\0046__s10_STAGE10_hotfix1__uxm_tests_native_test28_dynamic_meta_fifo__f394e8656d.uxm,uxm\tests\all_expected_known\0046__s10_STAGE10_hotfix1__uxm_tests_native_test28_dynamic_meta_fifo__f394e8656d.expect,#source:embedded_EXPECT_OUTPUTA,A,sonuclar_tum\kosu_20260510_203601\loglar\0040_0046__s10_STAGE10_hotfix1__uxm_tests_native_test28_dynamic_meta_fifo__f394e8656d.raw.log,sonuclar_tum\kosu_20260510_203601\program_ciktilari\0040_0046__s10_STAGE10_hotfix1__uxm_tests_native_test28_dynamic_meta_fifo__f394e8656d.txt,compact
41,UYUSMAZ,compact,4.373,0,uxm\tests\all_expected_known\0047__s10_STAGE10_hotfix1__uxm_tests_native_test29_nested_macro_call__b41ffab903.uxm,uxm\tests\all_expected_known\0047__s10_STAGE10_hotfix1__uxm_tests_native_test29_nested_macro_call__b41ffab903.expect,#source:embedded_EXPECT_OUTPUTHI!,HI!,sonuclar_tum\kosu_20260510_203601\loglar\0041_0047__s10_STAGE10_hotfix1__uxm_tests_native_test29_nested_macro_call__b41ffab903.raw.log,sonuclar_tum\kosu_20260510_203601\program_ciktilari\0041_0047__s10_STAGE10_hotfix1__uxm_tests_native_test29_nested_macro_call__b41ffab903.txt,compact
42,UYUSMAZ,compact,4.141,0,uxm\tests\all_expected_known\0048__s10_STAGE10_hotfix1__uxm_tests_native_test30_word_mode_add__e96c724f19.uxm,uxm\tests\all_expected_known\0048__s10_STAGE10_hotfix1__uxm_tests_native_test30_word_mode_add__e96c724f19.expect,#source:embedded_EXPECT_OUTPUT700,700,sonuclar_tum\kosu_20260510_203601\loglar\0042_0048__s10_STAGE10_hotfix1__uxm_tests_native_test30_word_mode_add__e96c724f19.raw.log,sonuclar_tum\kosu_20260510_203601\program_ciktilari\0042_0048__s10_STAGE10_hotfix1__uxm_tests_native_test30_word_mode_add__e96c724f19.txt,compact
43,UYUSMAZ,compact,4.738,0,uxm\tests\all_expected_known\0049__s10_STAGE10_hotfix1__uxm_tests_native_test31_safe_mode_wild_denied__656fd3964f.uxm,uxm\tests\all_expected_known\0049__s10_STAGE10_hotfix1__uxm_tests_native_test31_safe_mode_wild_denied__656fd3964f.expect,#source:embedded_EXPECT_OUTPUT23,23,sonuclar_tum\kosu_20260510_203601\loglar\0043_0049__s10_STAGE10_hotfix1__uxm_tests_native_test31_safe_mode_wild_denied__656fd3964f.raw.log,sonuclar_tum\kosu_20260510_203601\program_ciktilari\0043_0049__s10_STAGE10_hotfix1__uxm_tests_native_test31_safe_mode_wild_denied__656fd3964f.txt,compact
44,UYUSMAZ,compact,4.906,0,uxm\tests\all_expected_known\0050__s10_STAGE10_hotfix1__uxm_tests_native_test32_wild_layout_change__f8cad9d531.uxm,uxm\tests\all_expected_known\0050__s10_STAGE10_hotfix1__uxm_tests_native_test32_wild_layout_change__f8cad9d531.expect,#source:embedded_EXPECT_OUTPUT0,0,sonuclar_tum\kosu_20260510_203601\loglar\0044_0050__s10_STAGE10_hotfix1__uxm_tests_native_test32_wild_layout_change__f8cad9d531.raw.log,sonuclar_tum\kosu_20260510_203601\program_ciktilari\0044_0050__s10_STAGE10_hotfix1__uxm_tests_native_test32_wild_layout_change__f8cad9d531.txt,compact
45,UYUSMAZ,compact,4.667,0,uxm\tests\all_expected_known\0051__s10_STAGE10_hotfix1__uxm_tests_native_test33_bitwise_and_stack__41357a25c4.uxm,uxm\tests\all_expected_known\0051__s10_STAGE10_hotfix1__uxm_tests_native_test33_bitwise_and_stack__41357a25c4.expect,#source:embedded_EXPECT_OUTPUT8,8,sonuclar_tum\kosu_20260510_203601\loglar\0045_0051__s10_STAGE10_hotfix1__uxm_tests_native_test33_bitwise_and_stack__41357a25c4.raw.log,sonuclar_tum\kosu_20260510_203601\program_ciktilari\0045_0051__s10_STAGE10_hotfix1__uxm_tests_native_test33_bitwise_and_stack__41357a25c4.txt,compact
46,UYUSMAZ,compact,4.853,0,uxm\tests\all_expected_known\0052__s10_STAGE10_hotfix1__uxm_tests_native_test34_data_block_clear__6d10b5d36d.uxm,uxm\tests\all_expected_known\0052__s10_STAGE10_hotfix1__uxm_tests_native_test34_data_block_clear__6d10b5d36d.expect,#source:embedded_EXPECT_OUTPUTAC,A C,sonuclar_tum\kosu_20260510_203601\loglar\0046_0052__s10_STAGE10_hotfix1__uxm_tests_native_test34_data_block_clear__6d10b5d36d.raw.log,sonuclar_tum\kosu_20260510_203601\program_ciktilari\0046_0052__s10_STAGE10_hotfix1__uxm_tests_native_test34_data_block_clear__6d10b5d36d.txt,compact
47,UYUSMAZ,compact,4.621,0,uxm\tests\all_expected_known\0053__s10_STAGE10_hotfix1__uxm_tests_native_test35_optimizer_visible_result__57396ffe1e.uxm,uxm\tests\all_expected_known\0053__s10_STAGE10_hotfix1__uxm_tests_native_test35_optimizer_visible_result__57396ffe1e.expect,#source:embedded_EXPECT_OUTPUTB,B,sonuclar_tum\kosu_20260510_203601\loglar\0047_0053__s10_STAGE10_hotfix1__uxm_tests_native_test35_optimizer_visible_result__57396ffe1e.raw.log,sonuclar_tum\kosu_20260510_203601\program_ciktilari\0047_0053__s10_STAGE10_hotfix1__uxm_tests_native_test35_optimizer_visible_result__57396ffe1e.txt,compact
48,UYUSMAZ,compact,4.007,0,uxm\tests\all_expected_known\0054__s10_STAGE10_hotfix1__uxm_tests_native_test40_4bit_cpu_alu_model__ae78c75f2f.uxm,uxm\tests\all_expected_known\0054__s10_STAGE10_hotfix1__uxm_tests_native_test40_4bit_cpu_alu_model__ae78c75f2f.expect,#source:embedded_EXPECT_OUTPUT4BITCPUTESTADD=3C=1AND=4XOR=11SHL=8C=1,4BITCPUTESTADD=3C=1AND=4XOR=11SHL=8C=1,sonuclar_tum\kosu_20260510_203601\loglar\0048_0054__s10_STAGE10_hotfix1__uxm_tests_native_test40_4bit_cpu_alu_model__ae78c75f2f.raw.log,sonuclar_tum\kosu_20260510_203601\program_ciktilari\0048_0054__s10_STAGE10_hotfix1__uxm_tests_native_test40_4bit_cpu_alu_model__ae78c75f2f.txt,compact
49,UYUSMAZ,compact,4.653,0,uxm\tests\all_expected_known\0055__s10_STAGE10_hotfix1__uxm_tests_native_test41_4_neuron_nn_model__7677e9cfea.uxm,uxm\tests\all_expected_known\0055__s10_STAGE10_hotfix1__uxm_tests_native_test41_4_neuron_nn_model__7677e9cfea.expect,#source:embedded_EXPECT_OUTPUT4NEURONNNTESTX1=1X2=0N1=1N2=0N3=1OUT=1,4NEURONNNTESTX1=1X2=0N1=1N2=0N3=1OUT=1,sonuclar_tum\kosu_20260510_203601\loglar\0049_0055__s10_STAGE10_hotfix1__uxm_tests_native_test41_4_neuron_nn_model__7677e9cfea.raw.log,sonuclar_tum\kosu_20260510_203601\program_ciktilari\0049_0055__s10_STAGE10_hotfix1__uxm_tests_native_test41_4_neuron_nn_model__7677e9cfea.txt,compact
50,UYUSMAZ,compact,4.889,0,uxm\tests\all_expected_known\0056__s10_STAGE10_hotfix1__uxm_tests_native_test42_error_flag_set_reset__ac85ba06fb.uxm,uxm\tests\all_expected_known\0056__s10_STAGE10_hotfix1__uxm_tests_native_test42_error_flag_set_reset__ac85ba06fb.expect,#source:embedded_EXPECT_OUTPUT10,10,sonuclar_tum\kosu_20260510_203601\loglar\0050_0056__s10_STAGE10_hotfix1__uxm_tests_native_test42_error_flag_set_reset__ac85ba06fb.raw.log,sonuclar_tum\kosu_20260510_203601\program_ciktilari\0050_0056__s10_STAGE10_hotfix1__uxm_tests_native_test42_error_flag_set_reset__ac85ba06fb.txt,compact
51,UYUSMAZ,compact,4.659,0,uxm\tests\all_expected_known\0057__s10_STAGE10_hotfix1__uxm_tests_native_test43_error_macro_helpers__8f6f291619.uxm,uxm\tests\all_expected_known\0057__s10_STAGE10_hotfix1__uxm_tests_native_test43_error_macro_helpers__8f6f291619.expect,#source:embedded_EXPECT_OUTPUT100,100,sonuclar_tum\kosu_20260510_203601\loglar\0051_0057__s10_STAGE10_hotfix1__uxm_tests_native_test43_error_macro_helpers__8f6f291619.raw.log,sonuclar_tum\kosu_20260510_203601\program_ciktilari\0051_0057__s10_STAGE10_hotfix1__uxm_tests_native_test43_error_macro_helpers__8f6f291619.txt,compact
52,UYUSMAZ,compact,4.591,0,uxm\tests\all_expected_known\0058__s10_STAGE10_hotfix1__uxm_tests_native_test44_asin__8ccbbd25d1.uxm,uxm\tests\all_expected_known\0058__s10_STAGE10_hotfix1__uxm_tests_native_test44_asin__8ccbbd25d1.expect,#source:embedded_EXPECT_OUTPUT30,30,sonuclar_tum\kosu_20260510_203601\loglar\0052_0058__s10_STAGE10_hotfix1__uxm_tests_native_test44_asin__8ccbbd25d1.raw.log,sonuclar_tum\kosu_20260510_203601\program_ciktilari\0052_0058__s10_STAGE10_hotfix1__uxm_tests_native_test44_asin__8ccbbd25d1.txt,compact
53,UYUSMAZ,compact,4.602,0,uxm\tests\all_expected_known\0059__s10_STAGE10_hotfix1__uxm_tests_native_test44_meta_version_info__df2490ab11.uxm,uxm\tests\all_expected_known\0059__s10_STAGE10_hotfix1__uxm_tests_native_test44_meta_version_info__df2490ab11.expect,#source:embedded_EXPECT_OUTPUT[UXMMETA]78,[UXMMETA]78,sonuclar_tum\kosu_20260510_203601\loglar\0053_0059__s10_STAGE10_hotfix1__uxm_tests_native_test44_meta_version_info__df2490ab11.raw.log,sonuclar_tum\kosu_20260510_203601\program_ciktilari\0053_0059__s10_STAGE10_hotfix1__uxm_tests_native_test44_meta_version_info__df2490ab11.txt,compact
54,UYUSMAZ,compact,4.379,0,uxm\tests\all_expected_known\0060__s10_STAGE10_hotfix1__uxm_tests_native_test45_acos__3f525605df.uxm,uxm\tests\all_expected_known\0060__s10_STAGE10_hotfix1__uxm_tests_native_test45_acos__3f525605df.expect,#source:embedded_EXPECT_OUTPUT60,60,sonuclar_tum\kosu_20260510_203601\loglar\0054_0060__s10_STAGE10_hotfix1__uxm_tests_native_test45_acos__3f525605df.raw.log,sonuclar_tum\kosu_20260510_203601\program_ciktilari\0054_0060__s10_STAGE10_hotfix1__uxm_tests_native_test45_acos__3f525605df.txt,compact
55,UYUSMAZ,compact,4.773,0,uxm\tests\all_expected_known\0061__s10_STAGE10_hotfix1__uxm_tests_native_test45_pointer_meta_extended__62f7d0b3ce.uxm,uxm\tests\all_expected_known\0061__s10_STAGE10_hotfix1__uxm_tests_native_test45_pointer_meta_extended__62f7d0b3ce.expect,#source:embedded_EXPECT_OUTPUT3181,3181,sonuclar_tum\kosu_20260510_203601\loglar\0055_0061__s10_STAGE10_hotfix1__uxm_tests_native_test45_pointer_meta_extended__62f7d0b3ce.raw.log,sonuclar_tum\kosu_20260510_203601\program_ciktilari\0055_0061__s10_STAGE10_hotfix1__uxm_tests_native_test45_pointer_meta_extended__62f7d0b3ce.txt,compact
56,UYUSMAZ,compact,4.683,0,uxm\tests\all_expected_known\0062__s10_STAGE10_hotfix1__uxm_tests_native_test46_fifo_clear__8d1f5ff5ef.uxm,uxm\tests\all_expected_known\0062__s10_STAGE10_hotfix1__uxm_tests_native_test46_fifo_clear__8d1f5ff5ef.expect,#source:embedded_EXPECT_OUTPUT30,30,sonuclar_tum\kosu_20260510_203601\loglar\0056_0062__s10_STAGE10_hotfix1__uxm_tests_native_test46_fifo_clear__8d1f5ff5ef.raw.log,sonuclar_tum\kosu_20260510_203601\program_ciktilari\0056_0062__s10_STAGE10_hotfix1__uxm_tests_native_test46_fifo_clear__8d1f5ff5ef.txt,compact
57,UYUSMAZ,compact,4.609,0,uxm\tests\all_expected_known\0063__s10_STAGE10_hotfix1__uxm_tests_native_test46_sqrt__ba2125299d.uxm,uxm\tests\all_expected_known\0063__s10_STAGE10_hotfix1__uxm_tests_native_test46_sqrt__ba2125299d.expect,#source:embedded_EXPECT_OUTPUT5,5,sonuclar_tum\kosu_20260510_203601\loglar\0057_0063__s10_STAGE10_hotfix1__uxm_tests_native_test46_sqrt__ba2125299d.raw.log,sonuclar_tum\kosu_20260510_203601\program_ciktilari\0057_0063__s10_STAGE10_hotfix1__uxm_tests_native_test46_sqrt__ba2125299d.txt,compact
58,UYUSMAZ,compact,4.638,0,uxm\tests\all_expected_known\0064__s10_STAGE10_hotfix1__uxm_tests_native_test47_sinh__bf870a2c68.uxm,uxm\tests\all_expected_known\0064__s10_STAGE10_hotfix1__uxm_tests_native_test47_sinh__bf870a2c68.expect,#source:embedded_EXPECT_OUTPUT55,55,sonuclar_tum\kosu_20260510_203601\loglar\0058_0064__s10_STAGE10_hotfix1__uxm_tests_native_test47_sinh__bf870a2c68.raw.log,sonuclar_tum\kosu_20260510_203601\program_ciktilari\0058_0064__s10_STAGE10_hotfix1__uxm_tests_native_test47_sinh__bf870a2c68.txt,compact
59,UYUSMAZ,compact,4.629,0,uxm\tests\all_expected_known\0065__s10_STAGE10_hotfix1__uxm_tests_native_test47_tape_sort_ascending__1ef486c6a9.uxm,uxm\tests\all_expected_known\0065__s10_STAGE10_hotfix1__uxm_tests_native_test47_tape_sort_ascending__1ef486c6a9.expect,#source:embedded_EXPECT_OUTPUTABC,ABC,sonuclar_tum\kosu_20260510_203601\loglar\0059_0065__s10_STAGE10_hotfix1__uxm_tests_native_test47_tape_sort_ascending__1ef486c6a9.raw.log,sonuclar_tum\kosu_20260510_203601\program_ciktilari\0059_0065__s10_STAGE10_hotfix1__uxm_tests_native_test47_tape_sort_ascending__1ef486c6a9.txt,compact
60,UYUSMAZ,compact,4.633,0,uxm\tests\all_expected_known\0066__s10_STAGE10_hotfix1__uxm_tests_native_test48_cosh__f8e0aaf176.uxm,uxm\tests\all_expected_known\0066__s10_STAGE10_hotfix1__uxm_tests_native_test48_cosh__f8e0aaf176.expect,#source:embedded_EXPECT_OUTPUT114,114,sonuclar_tum\kosu_20260510_203601\loglar\0060_0066__s10_STAGE10_hotfix1__uxm_tests_native_test48_cosh__f8e0aaf176.raw.log,sonuclar_tum\kosu_20260510_203601\program_ciktilari\0060_0066__s10_STAGE10_hotfix1__uxm_tests_native_test48_cosh__f8e0aaf176.txt,compact
61,UYUSMAZ,compact,3.965,0,uxm\tests\all_expected_known\0067__s10_STAGE10_hotfix1__uxm_tests_native_test48_data_sort_descending__db3356afb6.uxm,uxm\tests\all_expected_known\0067__s10_STAGE10_hotfix1__uxm_tests_native_test48_data_sort_descending__db3356afb6.expect,#source:embedded_EXPECT_OUTPUTCBA,CBA,sonuclar_tum\kosu_20260510_203601\loglar\0061_0067__s10_STAGE10_hotfix1__uxm_tests_native_test48_data_sort_descending__db3356afb6.raw.log,sonuclar_tum\kosu_20260510_203601\program_ciktilari\0061_0067__s10_STAGE10_hotfix1__uxm_tests_native_test48_data_sort_descending__db3356afb6.txt,compact
62,UYUSMAZ,compact,4.579,0,uxm\tests\all_expected_known\0068__s10_STAGE10_hotfix1__uxm_tests_native_test49_data_linear_search__962f7b8415.uxm,uxm\tests\all_expected_known\0068__s10_STAGE10_hotfix1__uxm_tests_native_test49_data_linear_search__962f7b8415.expect,#source:embedded_EXPECT_OUTPUT1,1,sonuclar_tum\kosu_20260510_203601\loglar\0062_0068__s10_STAGE10_hotfix1__uxm_tests_native_test49_data_linear_search__962f7b8415.raw.log,sonuclar_tum\kosu_20260510_203601\program_ciktilari\0062_0068__s10_STAGE10_hotfix1__uxm_tests_native_test49_data_linear_search__962f7b8415.txt,compact
63,UYUSMAZ,compact,4.865,0,uxm\tests\all_expected_known\0069__s10_STAGE10_hotfix1__uxm_tests_native_test49_tanh__9f2c8ceeca.uxm,uxm\tests\all_expected_known\0069__s10_STAGE10_hotfix1__uxm_tests_native_test49_tanh__9f2c8ceeca.expect,#source:embedded_EXPECT_OUTPUT48,48,sonuclar_tum\kosu_20260510_203601\loglar\0063_0069__s10_STAGE10_hotfix1__uxm_tests_native_test49_tanh__9f2c8ceeca.raw.log,sonuclar_tum\kosu_20260510_203601\program_ciktilari\0063_0069__s10_STAGE10_hotfix1__uxm_tests_native_test49_tanh__9f2c8ceeca.txt,compact
64,UYUSMAZ,compact,5.075,0,uxm\tests\all_expected_known\0070__s10_STAGE10_hotfix1__uxm_tests_native_test50_tape_block_copy_clear__0ea5b5be81.uxm,uxm\tests\all_expected_known\0070__s10_STAGE10_hotfix1__uxm_tests_native_test50_tape_block_copy_clear__0ea5b5be81.expect,#source:embedded_EXPECT_OUTPUT0255,0255,sonuclar_tum\kosu_20260510_203601\loglar\0064_0070__s10_STAGE10_hotfix1__uxm_tests_native_test50_tape_block_copy_clear__0ea5b5be81.raw.log,sonuclar_tum\kosu_20260510_203601\program_ciktilari\0064_0070__s10_STAGE10_hotfix1__uxm_tests_native_test50_tape_block_copy_clear__0ea5b5be81.txt,compact
65,UYUSMAZ,compact,4.718,0,uxm\tests\all_expected_known\0071__s10_STAGE10_hotfix1__uxm_tests_native_test51_meta_print_stack_pop__41df904a3e.uxm,uxm\tests\all_expected_known\0071__s10_STAGE10_hotfix1__uxm_tests_native_test51_meta_print_stack_pop__41df904a3e.expect,#source:embedded_EXPECT_OUTPUT42,42,sonuclar_tum\kosu_20260510_203601\loglar\0065_0071__s10_STAGE10_hotfix1__uxm_tests_native_test51_meta_print_stack_pop__41df904a3e.raw.log,sonuclar_tum\kosu_20260510_203601\program_ciktilari\0065_0071__s10_STAGE10_hotfix1__uxm_tests_native_test51_meta_print_stack_pop__41df904a3e.txt,compact
66,UYUSMAZ,compact,4.846,0,uxm\tests\all_expected_known\0072__s10_STAGE10_hotfix1__uxm_tests_native_test52_meta_print_hex__443105bf21.uxm,uxm\tests\all_expected_known\0072__s10_STAGE10_hotfix1__uxm_tests_native_test52_meta_print_hex__443105bf21.expect,#source:embedded_EXPECT_OUTPUTFF,FF,sonuclar_tum\kosu_20260510_203601\loglar\0066_0072__s10_STAGE10_hotfix1__uxm_tests_native_test52_meta_print_hex__443105bf21.raw.log,sonuclar_tum\kosu_20260510_203601\program_ciktilari\0066_0072__s10_STAGE10_hotfix1__uxm_tests_native_test52_meta_print_hex__443105bf21.txt,compact
67,UYUSMAZ,compact,4.408,0,uxm\tests\all_expected_known\0073__s10_STAGE10_hotfix1__uxm_tests_native_test53_meta_print_bin__746bc9c5a1.uxm,uxm\tests\all_expected_known\0073__s10_STAGE10_hotfix1__uxm_tests_native_test53_meta_print_bin__746bc9c5a1.expect,#source:embedded_EXPECT_OUTPUT101,101,sonuclar_tum\kosu_20260510_203601\loglar\0067_0073__s10_STAGE10_hotfix1__uxm_tests_native_test53_meta_print_bin__746bc9c5a1.raw.log,sonuclar_tum\kosu_20260510_203601\program_ciktilari\0067_0073__s10_STAGE10_hotfix1__uxm_tests_native_test53_meta_print_bin__746bc9c5a1.txt,compact
68,UYUSMAZ,compact,4.311,0,uxm\tests\all_expected_known\0074__s10_STAGE10_hotfix1__uxm_tests_native_test54_meta_print_char_raw__73558fea56.uxm,uxm\tests\all_expected_known\0074__s10_STAGE10_hotfix1__uxm_tests_native_test54_meta_print_char_raw__73558fea56.expect,#source:embedded_EXPECT_OUTPUTA,A,sonuclar_tum\kosu_20260510_203601\loglar\0068_0074__s10_STAGE10_hotfix1__uxm_tests_native_test54_meta_print_char_raw__73558fea56.raw.log,sonuclar_tum\kosu_20260510_203601\program_ciktilari\0068_0074__s10_STAGE10_hotfix1__uxm_tests_native_test54_meta_print_char_raw__73558fea56.txt,compact
69,BASARILI,compact,4.701,0,uxm\tests\all_expected_known\0079__s10_STAGE10_hotfix1__uxm_tests_v33_test_v33_complex_basic__0344e7a13a.uxm,uxm\tests\all_expected_known\0079__s10_STAGE10_hotfix1__uxm_tests_v33_test_v33_complex_basic__0344e7a13a.expect,400000060000002236068,400000060000002236068,sonuclar_tum\kosu_20260510_203601\loglar\0069_0079__s10_STAGE10_hotfix1__uxm_tests_v33_test_v33_complex_basic__0344e7a13a.raw.log,sonuclar_tum\kosu_20260510_203601\program_ciktilari\0069_0079__s10_STAGE10_hotfix1__uxm_tests_v33_test_v33_complex_basic__0344e7a13a.txt,compact
70,UYUSMAZ,compact,4.813,0,uxm\tests\all_expected_known\0080__s10_STAGE10_hotfix1__uxm_tests_v33_test_v33_corr_regression__7845beefc2.uxm,uxm\tests\all_expected_known\0080__s10_STAGE10_hotfix1__uxm_tests_v33_test_v33_corr_regression__7845beefc2.expect,#source:embedded_EXPECT_OUTPUT100000020000001000000,100000020000001000000,sonuclar_tum\kosu_20260510_203601\loglar\0070_0080__s10_STAGE10_hotfix1__uxm_tests_v33_test_v33_corr_regression__7845beefc2.raw.log,sonuclar_tum\kosu_20260510_203601\program_ciktilari\0070_0080__s10_STAGE10_hotfix1__uxm_tests_v33_test_v33_corr_regression__7845beefc2.txt,compact
71,UYUSMAZ,compact,4.819,0,uxm\tests\all_expected_known\0081__s10_STAGE10_hotfix1__uxm_tests_v33_test_v33_dynamic_meta_addr__f1e7679b77.uxm,uxm\tests\all_expected_known\0081__s10_STAGE10_hotfix1__uxm_tests_v33_test_v33_dynamic_meta_addr__f1e7679b77.expect,#source:embedded_EXPECT_OUTPUTA,A,sonuclar_tum\kosu_20260510_203601\loglar\0071_0081__s10_STAGE10_hotfix1__uxm_tests_v33_test_v33_dynamic_meta_addr__f1e7679b77.raw.log,sonuclar_tum\kosu_20260510_203601\program_ciktilari\0071_0081__s10_STAGE10_hotfix1__uxm_tests_v33_test_v33_dynamic_meta_addr__f1e7679b77.txt,compact
72,UYUSMAZ,compact,4.715,0,uxm\tests\all_expected_known\0086__s10_STAGE10_hotfix1__uxm_tests_v33_test_v33_matadv_det_rank_norm__8b59b573be.uxm,uxm\tests\all_expected_known\0086__s10_STAGE10_hotfix1__uxm_tests_v33_test_v33_matadv_det_rank_norm__8b59b573be.expect,#source:embedded_EXPECT_OUTPUT243429,243429,sonuclar_tum\kosu_20260510_203601\loglar\0072_0086__s10_STAGE10_hotfix1__uxm_tests_v33_test_v33_matadv_det_rank_norm__8b59b573be.raw.log,sonuclar_tum\kosu_20260510_203601\program_ciktilari\0072_0086__s10_STAGE10_hotfix1__uxm_tests_v33_test_v33_matadv_det_rank_norm__8b59b573be.txt,compact
73,BASARILI,compact,4.827,0,uxm\tests\all_expected_known\0087__s10_STAGE10_hotfix1__uxm_tests_v33_test_v33_matadv_inverse_identity__b905ef3b4a.uxm,uxm\tests\all_expected_known\0087__s10_STAGE10_hotfix1__uxm_tests_v33_test_v33_matadv_inverse_identity__b905ef3b4a.expect,[10][01],[10][01],sonuclar_tum\kosu_20260510_203601\loglar\0073_0087__s10_STAGE10_hotfix1__uxm_tests_v33_test_v33_matadv_inverse_identity__b905ef3b4a.raw.log,sonuclar_tum\kosu_20260510_203601\program_ciktilari\0073_0087__s10_STAGE10_hotfix1__uxm_tests_v33_test_v33_matadv_inverse_identity__b905ef3b4a.txt,compact
74,BASARILI,compact,4.384,0,uxm\tests\all_expected_known\0088__s10_STAGE10_hotfix1__uxm_tests_v33_test_v33_numeric_poly_integral__dad9497505.uxm,uxm\tests\all_expected_known\0088__s10_STAGE10_hotfix1__uxm_tests_v33_test_v33_numeric_poly_integral__dad9497505.expect,90000002680000,90000002680000,sonuclar_tum\kosu_20260510_203601\loglar\0074_0088__s10_STAGE10_hotfix1__uxm_tests_v33_test_v33_numeric_poly_integral__dad9497505.raw.log,sonuclar_tum\kosu_20260510_203601\program_ciktilari\0074_0088__s10_STAGE10_hotfix1__uxm_tests_v33_test_v33_numeric_poly_integral__dad9497505.txt,compact
75,BASARILI,compact,4.695,0,uxm\tests\all_expected_known\0089__s10_STAGE10_hotfix1__uxm_tests_v33_test_v33_probability_random__0cedf8d236.uxm,uxm\tests\all_expected_known\0089__s10_STAGE10_hotfix1__uxm_tests_v33_test_v33_probability_random__0cedf8d236.expect,77693921720350,77693921720350,sonuclar_tum\kosu_20260510_203601\loglar\0075_0089__s10_STAGE10_hotfix1__uxm_tests_v33_test_v33_probability_random__0cedf8d236.raw.log,sonuclar_tum\kosu_20260510_203601\program_ciktilari\0075_0089__s10_STAGE10_hotfix1__uxm_tests_v33_test_v33_probability_random__0cedf8d236.txt,compact
76,UYUSMAZ,compact,4.889,0,uxm\tests\all_expected_known\0091__s10_STAGE10_hotfix1__uxm_tests_v33_test_v33_stat_median_variance__e6d4a047a9.uxm,uxm\tests\all_expected_known\0091__s10_STAGE10_hotfix1__uxm_tests_v33_test_v33_stat_median_variance__e6d4a047a9.expect,#source:embedded_EXPECT_OUTPUT3000000025000000040,3000000025000000040,sonuclar_tum\kosu_20260510_203601\loglar\0076_0091__s10_STAGE10_hotfix1__uxm_tests_v33_test_v33_stat_median_variance__e6d4a047a9.raw.log,sonuclar_tum\kosu_20260510_203601\program_ciktilari\0076_0091__s10_STAGE10_hotfix1__uxm_tests_v33_test_v33_stat_median_variance__e6d4a047a9.txt,compact
77,UYUSMAZ,compact,4.894,0,uxm\tests\all_expected_known\0092__s10_STAGE10_hotfix1__uxm_tests_v33_test_v33_stat_sum_mean_minmax__282ab4ea3a.uxm,uxm\tests\all_expected_known\0092__s10_STAGE10_hotfix1__uxm_tests_v33_test_v33_stat_sum_mean_minmax__282ab4ea3a.expect,#source:embedded_EXPECT_OUTPUT150300000001050,150300000001050,sonuclar_tum\kosu_20260510_203601\loglar\0077_0092__s10_STAGE10_hotfix1__uxm_tests_v33_test_v33_stat_sum_mean_minmax__282ab4ea3a.raw.log,sonuclar_tum\kosu_20260510_203601\program_ciktilari\0077_0092__s10_STAGE10_hotfix1__uxm_tests_v33_test_v33_stat_sum_mean_minmax__282ab4ea3a.txt,compact
78,UYUSMAZ,compact,4.773,0,uxm\tests\all_expected_known\0099__s10_STAGE10_hotfix1__uxm_tests_v33_test_v33_tensor_basic__1583c8b3e6.uxm,uxm\tests\all_expected_known\0099__s10_STAGE10_hotfix1__uxm_tests_v33_test_v33_tensor_basic__1583c8b3e6.expect,#source:embedded_EXPECT_OUTPUT9930,9930,sonuclar_tum\kosu_20260510_203601\loglar\0078_0099__s10_STAGE10_hotfix1__uxm_tests_v33_test_v33_tensor_basic__1583c8b3e6.raw.log,sonuclar_tum\kosu_20260510_203601\program_ciktilari\0078_0099__s10_STAGE10_hotfix1__uxm_tests_v33_test_v33_tensor_basic__1583c8b3e6.txt,compact
79,UYUSMAZ,compact,4.597,0,uxm\tests\all_expected_known\0100__s10_STAGE10_matrix_adv_tensor__uxm_tests_fp_test_fp01_add_int__18c1725f7c.uxm,uxm\tests\all_expected_known\0100__s10_STAGE10_matrix_adv_tensor__uxm_tests_fp_test_fp01_add_int__18c1725f7c.expect,#source:embedded_EXPECT_OUTPUT46.0000000000000000,46.0000000000000000,sonuclar_tum\kosu_20260510_203601\loglar\0079_0100__s10_STAGE10_matrix_adv_tensor__uxm_tests_fp_test_fp01_add_int__18c1725f7c.raw.log,sonuclar_tum\kosu_20260510_203601\program_ciktilari\0079_0100__s10_STAGE10_matrix_adv_tensor__uxm_tests_fp_test_fp01_add_int__18c1725f7c.txt,compact
80,UYUSMAZ,compact,4.126,0,uxm\tests\all_expected_known\0101__s10_STAGE10_matrix_adv_tensor__uxm_tests_fp_test_fp02_sub_int__6ecba5893d.uxm,uxm\tests\all_expected_known\0101__s10_STAGE10_matrix_adv_tensor__uxm_tests_fp_test_fp02_sub_int__6ecba5893d.expect,#source:embedded_EXPECT_OUTPUT25.0000000000000000,25.0000000000000000,sonuclar_tum\kosu_20260510_203601\loglar\0080_0101__s10_STAGE10_matrix_adv_tensor__uxm_tests_fp_test_fp02_sub_int__6ecba5893d.raw.log,sonuclar_tum\kosu_20260510_203601\program_ciktilari\0080_0101__s10_STAGE10_matrix_adv_tensor__uxm_tests_fp_test_fp02_sub_int__6ecba5893d.txt,compact
81,UYUSMAZ,compact,4.489,0,uxm\tests\all_expected_known\0102__s10_STAGE10_matrix_adv_tensor__uxm_tests_fp_test_fp03_mul_int__c545076a65.uxm,uxm\tests\all_expected_known\0102__s10_STAGE10_matrix_adv_tensor__uxm_tests_fp_test_fp03_mul_int__c545076a65.expect,#source:embedded_EXPECT_OUTPUT408.0000000000000000,408.0000000000000000,sonuclar_tum\kosu_20260510_203601\loglar\0081_0102__s10_STAGE10_matrix_adv_tensor__uxm_tests_fp_test_fp03_mul_int__c545076a65.raw.log,sonuclar_tum\kosu_20260510_203601\program_ciktilari\0081_0102__s10_STAGE10_matrix_adv_tensor__uxm_tests_fp_test_fp03_mul_int__c545076a65.txt,compact
82,UYUSMAZ,compact,4.801,0,uxm\tests\all_expected_known\0103__s10_STAGE10_matrix_adv_tensor__uxm_tests_fp_test_fp04_div_int__d98e9e479e.uxm,uxm\tests\all_expected_known\0103__s10_STAGE10_matrix_adv_tensor__uxm_tests_fp_test_fp04_div_int__d98e9e479e.expect,#source:embedded_EXPECT_OUTPUT3.3333333333333333,3.3333333333333333,sonuclar_tum\kosu_20260510_203601\loglar\0082_0103__s10_STAGE10_matrix_adv_tensor__uxm_tests_fp_test_fp04_div_int__d98e9e479e.raw.log,sonuclar_tum\kosu_20260510_203601\program_ciktilari\0082_0103__s10_STAGE10_matrix_adv_tensor__uxm_tests_fp_test_fp04_div_int__d98e9e479e.txt,compact
83,UYUSMAZ,compact,4.690,0,uxm\tests\all_expected_known\0104__s10_STAGE10_matrix_adv_tensor__uxm_tests_fp_test_fp05_from_string__7dcbf9b0c9.uxm,uxm\tests\all_expected_known\0104__s10_STAGE10_matrix_adv_tensor__uxm_tests_fp_test_fp05_from_string__7dcbf9b0c9.expect,#source:embedded_EXPECT_OUTPUT12.3400000000000000,12.3400000000000000,sonuclar_tum\kosu_20260510_203601\loglar\0083_0104__s10_STAGE10_matrix_adv_tensor__uxm_tests_fp_test_fp05_from_string__7dcbf9b0c9.raw.log,sonuclar_tum\kosu_20260510_203601\program_ciktilari\0083_0104__s10_STAGE10_matrix_adv_tensor__uxm_tests_fp_test_fp05_from_string__7dcbf9b0c9.txt,compact
84,UYUSMAZ,compact,4.663,0,uxm\tests\all_expected_known\0105__s10_STAGE10_matrix_adv_tensor__uxm_tests_fp_test_fp06_add_dec_string__1caccb2f3c.uxm,uxm\tests\all_expected_known\0105__s10_STAGE10_matrix_adv_tensor__uxm_tests_fp_test_fp06_add_dec_string__1caccb2f3c.expect,#source:embedded_EXPECT_OUTPUT17.9400000000000000,17.9400000000000000,sonuclar_tum\kosu_20260510_203601\loglar\0084_0105__s10_STAGE10_matrix_adv_tensor__uxm_tests_fp_test_fp06_add_dec_string__1caccb2f3c.raw.log,sonuclar_tum\kosu_20260510_203601\program_ciktilari\0084_0105__s10_STAGE10_matrix_adv_tensor__uxm_tests_fp_test_fp06_add_dec_string__1caccb2f3c.txt,compact
85,UYUSMAZ,compact,4.969,0,uxm\tests\all_expected_known\0106__s10_STAGE10_matrix_adv_tensor__uxm_tests_fp_test_fp07_int_zero_sign_abs__3a5c5c2bca.uxm,uxm\tests\all_expected_known\0106__s10_STAGE10_matrix_adv_tensor__uxm_tests_fp_test_fp07_int_zero_sign_abs__3a5c5c2bca.expect,#source:embedded_EXPECT_OUTPUT210010210,210010210,sonuclar_tum\kosu_20260510_203601\loglar\0085_0106__s10_STAGE10_matrix_adv_tensor__uxm_tests_fp_test_fp07_int_zero_sign_abs__3a5c5c2bca.raw.log,sonuclar_tum\kosu_20260510_203601\program_ciktilari\0085_0106__s10_STAGE10_matrix_adv_tensor__uxm_tests_fp_test_fp07_int_zero_sign_abs__3a5c5c2bca.txt,compact
86,UYUSMAZ,compact,4.750,0,uxm\tests\all_expected_known\0107__s10_STAGE10_matrix_adv_tensor__uxm_tests_math_test_math01_poly_deriv_arge__dea08874ec.uxm,uxm\tests\all_expected_known\0107__s10_STAGE10_matrix_adv_tensor__uxm_tests_math_test_math01_poly_deriv_arge__dea08874ec.expect,#source:embedded_EXPECT_OUTPUT4+12x+24x^2,4+12x+24x^2,sonuclar_tum\kosu_20260510_203601\loglar\0086_0107__s10_STAGE10_matrix_adv_tensor__uxm_tests_math_test_math01_poly_deriv_arge__dea08874ec.raw.log,sonuclar_tum\kosu_20260510_203601\program_ciktilari\0086_0107__s10_STAGE10_matrix_adv_tensor__uxm_tests_math_test_math01_poly_deriv_arge__dea08874ec.txt,compact
87,UYUSMAZ,compact,4.812,0,uxm\tests\all_expected_known\0108__s10_STAGE10_matrix_adv_tensor__uxm_tests_math_test_math02_poly_integral_arge__f2b514b3e4.uxm,uxm\tests\all_expected_known\0108__s10_STAGE10_matrix_adv_tensor__uxm_tests_math_test_math02_poly_integral_arge__f2b514b3e4.expect,#source:embedded_EXPECT_OUTPUT0+2x+2x^2+2x^3+2x^4,0+2x+2x^2+2x^3+2x^4,sonuclar_tum\kosu_20260510_203601\loglar\0087_0108__s10_STAGE10_matrix_adv_tensor__uxm_tests_math_test_math02_poly_integral_arge__f2b514b3e4.raw.log,sonuclar_tum\kosu_20260510_203601\program_ciktilari\0087_0108__s10_STAGE10_matrix_adv_tensor__uxm_tests_math_test_math02_poly_integral_arge__f2b514b3e4.txt,compact
88,UYUSMAZ,compact,4.987,0,uxm\tests\all_expected_known\0109__s10_STAGE10_matrix_adv_tensor__uxm_tests_math_test_math03_poly_eval_arge__7f1d2b2783.uxm,uxm\tests\all_expected_known\0109__s10_STAGE10_matrix_adv_tensor__uxm_tests_math_test_math03_poly_eval_arge__7f1d2b2783.expect,#source:embedded_EXPECT_OUTPUT98,98,sonuclar_tum\kosu_20260510_203601\loglar\0088_0109__s10_STAGE10_matrix_adv_tensor__uxm_tests_math_test_math03_poly_eval_arge__7f1d2b2783.raw.log,sonuclar_tum\kosu_20260510_203601\program_ciktilari\0088_0109__s10_STAGE10_matrix_adv_tensor__uxm_tests_math_test_math03_poly_eval_arge__7f1d2b2783.txt,compact
89,BASARILI,compact,5.304,0,uxm\tests\all_expected_known\0110__s10_STAGE10_matrix_adv_tensor__uxm_tests_math_test_math04_expr_rpn_eval__2f2f641449.uxm,uxm\tests\all_expected_known\0110__s10_STAGE10_matrix_adv_tensor__uxm_tests_math_test_math04_expr_rpn_eval__2f2f641449.expect,0,0,sonuclar_tum\kosu_20260510_203601\loglar\0089_0110__s10_STAGE10_matrix_adv_tensor__uxm_tests_math_test_math04_expr_rpn_eval__2f2f641449.raw.log,sonuclar_tum\kosu_20260510_203601\program_ciktilari\0089_0110__s10_STAGE10_matrix_adv_tensor__uxm_tests_math_test_math04_expr_rpn_eval__2f2f641449.txt,compact
90,BASARILI,compact,5.278,0,uxm\tests\all_expected_known\0111__s10_STAGE10_matrix_adv_tensor__uxm_tests_math_test_math05_num_deriv__191a99caff.uxm,uxm\tests\all_expected_known\0111__s10_STAGE10_matrix_adv_tensor__uxm_tests_math_test_math05_num_deriv__191a99caff.expect,0,0,sonuclar_tum\kosu_20260510_203601\loglar\0090_0111__s10_STAGE10_matrix_adv_tensor__uxm_tests_math_test_math05_num_deriv__191a99caff.raw.log,sonuclar_tum\kosu_20260510_203601\program_ciktilari\0090_0111__s10_STAGE10_matrix_adv_tensor__uxm_tests_math_test_math05_num_deriv__191a99caff.txt,compact
91,BASARILI,compact,4.856,0,uxm\tests\all_expected_known\0112__s10_STAGE10_matrix_adv_tensor__uxm_tests_math_test_math06_integral_trap__f9df1f263f.uxm,uxm\tests\all_expected_known\0112__s10_STAGE10_matrix_adv_tensor__uxm_tests_math_test_math06_integral_trap__f9df1f263f.expect,0,0,sonuclar_tum\kosu_20260510_203601\loglar\0091_0112__s10_STAGE10_matrix_adv_tensor__uxm_tests_math_test_math06_integral_trap__f9df1f263f.raw.log,sonuclar_tum\kosu_20260510_203601\program_ciktilari\0091_0112__s10_STAGE10_matrix_adv_tensor__uxm_tests_math_test_math06_integral_trap__f9df1f263f.txt,compact
92,BASARILI,compact,4.631,0,uxm\tests\all_expected_known\0113__s10_STAGE10_matrix_adv_tensor__uxm_tests_math_test_math07_integral_simpson__7adae488ba.uxm,uxm\tests\all_expected_known\0113__s10_STAGE10_matrix_adv_tensor__uxm_tests_math_test_math07_integral_simpson__7adae488ba.expect,0,0,sonuclar_tum\kosu_20260510_203601\loglar\0092_0113__s10_STAGE10_matrix_adv_tensor__uxm_tests_math_test_math07_integral_simpson__7adae488ba.raw.log,sonuclar_tum\kosu_20260510_203601\program_ciktilari\0092_0113__s10_STAGE10_matrix_adv_tensor__uxm_tests_math_test_math07_integral_simpson__7adae488ba.txt,compact
93,BASARILI,compact,4.282,0,uxm\tests\all_expected_known\0114__s10_STAGE10_matrix_adv_tensor__uxm_tests_matrix_tmp_det_debug__0ea11514b5.uxm,uxm\tests\all_expected_known\0114__s10_STAGE10_matrix_adv_tensor__uxm_tests_matrix_tmp_det_debug__0ea11514b5.expect,[12][34]-2,[12][34]-2,sonuclar_tum\kosu_20260510_203601\loglar\0093_0114__s10_STAGE10_matrix_adv_tensor__uxm_tests_matrix_tmp_det_debug__0ea11514b5.raw.log,sonuclar_tum\kosu_20260510_203601\program_ciktilari\0093_0114__s10_STAGE10_matrix_adv_tensor__uxm_tests_matrix_tmp_det_debug__0ea11514b5.txt,compact
94,UYUSMAZ,compact,5.325,0,uxm\tests\all_expected_known\0115__s10_STAGE10_matrix_adv_tensor__uxm_tests_matrix_test_matrix01_init_set_print__15a7b101f5.uxm,uxm\tests\all_expected_known\0115__s10_STAGE10_matrix_adv_tensor__uxm_tests_matrix_test_matrix01_init_set_print__15a7b101f5.expect,#source:embedded_EXPECT_OUTPUT[12][34],[12][34],sonuclar_tum\kosu_20260510_203601\loglar\0094_0115__s10_STAGE10_matrix_adv_tensor__uxm_tests_matrix_test_matrix01_init_set_print__15a7b101f5.raw.log,sonuclar_tum\kosu_20260510_203601\program_ciktilari\0094_0115__s10_STAGE10_matrix_adv_tensor__uxm_tests_matrix_test_matrix01_init_set_print__15a7b101f5.txt,compact
95,UYUSMAZ,compact,5.353,0,uxm\tests\all_expected_known\0116__s10_STAGE10_matrix_adv_tensor__uxm_tests_matrix_test_matrix02_add_2x2__d6ea7d27d1.uxm,uxm\tests\all_expected_known\0116__s10_STAGE10_matrix_adv_tensor__uxm_tests_matrix_test_matrix02_add_2x2__d6ea7d27d1.expect,#source:embedded_EXPECT_OUTPUT[68][1012],[68][1012],sonuclar_tum\kosu_20260510_203601\loglar\0095_0116__s10_STAGE10_matrix_adv_tensor__uxm_tests_matrix_test_matrix02_add_2x2__d6ea7d27d1.raw.log,sonuclar_tum\kosu_20260510_203601\program_ciktilari\0095_0116__s10_STAGE10_matrix_adv_tensor__uxm_tests_matrix_test_matrix02_add_2x2__d6ea7d27d1.txt,compact
96,UYUSMAZ,compact,5.170,0,uxm\tests\all_expected_known\0117__s10_STAGE10_matrix_adv_tensor__uxm_tests_matrix_test_matrix03_mul_2x2__41485263d4.uxm,uxm\tests\all_expected_known\0117__s10_STAGE10_matrix_adv_tensor__uxm_tests_matrix_test_matrix03_mul_2x2__41485263d4.expect,#source:embedded_EXPECT_OUTPUT[1922][4350],[1922][4350],sonuclar_tum\kosu_20260510_203601\loglar\0096_0117__s10_STAGE10_matrix_adv_tensor__uxm_tests_matrix_test_matrix03_mul_2x2__41485263d4.raw.log,sonuclar_tum\kosu_20260510_203601\program_ciktilari\0096_0117__s10_STAGE10_matrix_adv_tensor__uxm_tests_matrix_test_matrix03_mul_2x2__41485263d4.txt,compact
97,UYUSMAZ,compact,4.915,0,uxm\tests\all_expected_known\0118__s10_STAGE10_matrix_adv_tensor__uxm_tests_matrix_test_matrix04_identity_trace_det2__dc519cfef9.uxm,uxm\tests\all_expected_known\0118__s10_STAGE10_matrix_adv_tensor__uxm_tests_matrix_test_matrix04_identity_trace_det2__dc519cfef9.expect,#source:embedded_EXPECT_OUTPUT[100][010][001]3-2,[100][010][001]3-2,sonuclar_tum\kosu_20260510_203601\loglar\0097_0118__s10_STAGE10_matrix_adv_tensor__uxm_tests_matrix_test_matrix04_identity_trace_det2__dc519cfef9.raw.log,sonuclar_tum\kosu_20260510_203601\program_ciktilari\0097_0118__s10_STAGE10_matrix_adv_tensor__uxm_tests_matrix_test_matrix04_identity_trace_det2__dc519cfef9.txt,compact
98,UYUSMAZ,compact,4.700,0,uxm\tests\all_expected_known\0119__s10_STAGE10_matrix_adv_tensor__uxm_tests_native_test01_print_A__b500a9cd9d.uxm,uxm\tests\all_expected_known\0119__s10_STAGE10_matrix_adv_tensor__uxm_tests_native_test01_print_A__b500a9cd9d.expect,#source:embedded_EXPECT_OUTPUT50,50,sonuclar_tum\kosu_20260510_203601\loglar\0098_0119__s10_STAGE10_matrix_adv_tensor__uxm_tests_native_test01_print_A__b500a9cd9d.raw.log,sonuclar_tum\kosu_20260510_203601\program_ciktilari\0098_0119__s10_STAGE10_matrix_adv_tensor__uxm_tests_native_test01_print_A__b500a9cd9d.txt,compact
99,UYUSMAZ,compact,4.372,0,uxm\tests\all_expected_known\0123__s10_STAGE10_matrix_adv_tensor__uxm_tests_native_test05_meta_add__7f35cb022e.uxm,uxm\tests\all_expected_known\0123__s10_STAGE10_matrix_adv_tensor__uxm_tests_native_test05_meta_add__7f35cb022e.expect,#source:embedded_EXPECT_OUTPUT30,30,sonuclar_tum\kosu_20260510_203601\loglar\0099_0123__s10_STAGE10_matrix_adv_tensor__uxm_tests_native_test05_meta_add__7f35cb022e.raw.log,sonuclar_tum\kosu_20260510_203601\program_ciktilari\0099_0123__s10_STAGE10_matrix_adv_tensor__uxm_tests_native_test05_meta_add__7f35cb022e.txt,compact
100,UYUSMAZ,compact,5.026,0,uxm\tests\all_expected_known\0124__s10_STAGE10_matrix_adv_tensor__uxm_tests_native_test06_dynamic_meta_mul__29485899d9.uxm,uxm\tests\all_expected_known\0124__s10_STAGE10_matrix_adv_tensor__uxm_tests_native_test06_dynamic_meta_mul__29485899d9.expect,#source:embedded_EXPECT_OUTPUT42,42,sonuclar_tum\kosu_20260510_203601\loglar\0100_0124__s10_STAGE10_matrix_adv_tensor__uxm_tests_native_test06_dynamic_meta_mul__29485899d9.raw.log,sonuclar_tum\kosu_20260510_203601\program_ciktilari\0100_0124__s10_STAGE10_matrix_adv_tensor__uxm_tests_native_test06_dynamic_meta_mul__29485899d9.txt,compact
