"Path","Size","LastWrite","FirstLine"
"C:\Users\mete\Downloads\uxminima\bilgi.md","5621","2.05.2026 22:49:01","Evet Mete abi, **ikiyle çarpma ve ikiye bölme aslında bit düzeyinde kaydırma işlemidir**, ama **AND / OR değildir**."
"C:\Users\mete\Downloads\uxminima\gercek_durum.md","1207","3.05.2026 22:47:26","# Önemli gerçek durum"
"C:\Users\mete\Downloads\uxminima\karsilastirma v2.md","8491","2.05.2026 22:49:01","Aşağıda **UX-MINIMA V2 komut setini** toparladım. Bu listeye `?`, `!`, `^` karşılaştırma komutlarını da dahil ettim."
"C:\Users\mete\Downloads\uxminima\kullanma klavuzu genisletme.md","14232","2.05.2026 22:49:01","Mete abi, aşağıdaki metni **UX-MINIMA V2 için mini kitapçık** gibi düşünebilirsin. En başta net söyleyeyim: Şu anki V2 dilimiz **string basma, hücre işlemleri, repeat macro, stack, loop, meta çağrı, x64 ASM üretimi** yapar. Ama gerçek anlamda oyun, bilimsel hesap, genetik algoritma ve 4 nöronlu makine öğrenmesi için **karşılaştırma, sayı yazdırma, değişken/dizi sözdizimi, rastgele sayı, fonksiyon/makro sistemi** gibi V3 ekleri gerekir. İlk paylaştığın UX-MINIMA tasarımı pattern tabanlı sembolik compiler mantığına dayanıyordu; aşağıdaki kılavuz bu mantığı büyütüyor. "
"C:\Users\mete\Downloads\uxminima\ux_minima_full v31.md","155210","3.05.2026 22:47:26","Tamam Mete abi. Bu sefer **iskelet değil**, V3.1’e eksik kalan büyük parçaları gerçekten çalıştıran **tam bir FreeBASIC araç/motor dosyası** veriyorum. Bu dosya şunları gerçek olarak yapar:"
"C:\Users\mete\Downloads\uxminima\ux_minima_IDE_vscode.md","10400","3.05.2026 22:47:26","Evet Mete abi, **VS Code eklentisi** olarak yapalım. Bu yol en mantıklısı: hem editör hazır, hem Copilot ile aynı ortamda çalışır, hem de bizim `uxm31_full_tool.exe` çıktılarından **tape, stack, data, FIFO, flags, status** izleme panelleri yapılabilir."
"C:\Users\mete\Downloads\uxminima\uX_Minima_Kullanim Klavuzu.md","26911","3.05.2026 22:47:26","Mete abi, aşağıdaki metin doğrudan **`KULLANMA_KILAVUZU.md`** olarak kaydedilebilir."
"C:\Users\mete\Downloads\uxminima\ux_minima_x64_v31_fb\gercek_durum.md","1207","3.05.2026 22:37:42","# Önemli gerçek durum"
"C:\Users\mete\Downloads\uxminima\ux_minima_x64_v31_fb\ide\uxminima-vscode\.github\copilot-instructions.md","1347","3.05.2026 21:34:13","# Copilot Instructions for UX-MINIMA"
"C:\Users\mete\Downloads\uxminima\ux_minima_x64_v31_fb\ide\uxminima-vscode\docs\UXM_EXAMPLES.md","241","3.05.2026 21:34:13","# UX-MINIMA Örnekler"
"C:\Users\mete\Downloads\uxminima\ux_minima_x64_v31_fb\ide\uxminima-vscode\docs\UXM_IDE_PROTOCOL.md","514","3.05.2026 21:34:13","# UX-MINIMA IDE Protokolü"
"C:\Users\mete\Downloads\uxminima\ux_minima_x64_v31_fb\ide\uxminima-vscode\docs\UXM_LANGUAGE_SPEC.md","933","3.05.2026 21:34:13","# UX-MINIMA V3.1 Dil Özeti"
"C:\Users\mete\Downloads\uxminima\ux_minima_x64_v31_fb\ide\uxminima-vscode\docs\UXM_MEMORY_MODEL.md","472","3.05.2026 21:34:13","# UX-MINIMA Bellek Modeli"
"C:\Users\mete\Downloads\uxminima\ux_minima_x64_v31_fb\ide\uxminima-vscode\docs\UXM_META_SERVICES.md","819","3.05.2026 21:34:13","# UX-MINIMA Meta Servis Haritası"
"C:\Users\mete\Downloads\uxminima\ux_minima_x64_v31_fb\ide\uxminima-vscode\docs\UXM_TRACE_FORMAT.md","548","3.05.2026 21:34:13","# UX-MINIMA Trace Format"
"C:\Users\mete\Downloads\uxminima\ux_minima_x64_v31_fb\ide\uxminima-vscode\ide_okubeni.md","2211","3.05.2026 22:37:42","Mete abi, başladım ve ilk çalışan VS Code eklentisi paketini hazırladım:"
"C:\Users\mete\Downloads\uxminima\ux_minima_x64_v31_fb\ide\uxminima-vscode\README.md","1012","3.05.2026 21:34:13","# UX-MINIMA V3.1 VS Code Extension"
"C:\Users\mete\Downloads\uxminima\ux_minima_x64_v31_fb\ide\uxminima-vscode\tools\README_TOOLCHAIN.md","342","3.05.2026 21:34:13","# UX-MINIMA Toolchain"
"C:\Users\mete\Downloads\uxminima\ux_minima_x64_v31_fb\tests\UX-MINIMA x64 V3.1 Tasarım Belgesi.md","191889","3.05.2026 14:46:15",""
"C:\Users\mete\Downloads\uxminima\ux_minima_x64_v31_fb\ux_minima_full v31.md","155210","3.05.2026 22:37:42","Tamam Mete abi. Bu sefer **iskelet değil**, V3.1’e eksik kalan büyük parçaları gerçekten çalıştıran **tam bir FreeBASIC araç/motor dosyası** veriyorum. Bu dosya şunları gerçek olarak yapar:"
"C:\Users\mete\Downloads\uxminima\ux_minima_x64_v31_fb\ux_minima_IDE_vscode.md","10400","3.05.2026 22:37:42","Evet Mete abi, **VS Code eklentisi** olarak yapalım. Bu yol en mantıklısı: hem editör hazır, hem Copilot ile aynı ortamda çalışır, hem de bizim `uxm31_full_tool.exe` çıktılarından **tape, stack, data, FIFO, flags, status** izleme panelleri yapılabilir."
"C:\Users\mete\Downloads\uxminima\ux_minima_x64_v31_fb\uX_Minima_Kullanim Klavuzu.md","26911","3.05.2026 22:37:42","Mete abi, aşağıdaki metin doğrudan **`KULLANMA_KILAVUZU.md`** olarak kaydedilebilir."
"C:\Users\mete\Downloads\uxminima\ux_minima_x64_v31_fb\ux_minimax_ide_tasarimi_dusuncesi.md","11057","3.05.2026 22:37:42","Mete abi, benim net fikrim şu: **sıfırdan editör yazmayalım; önce VS Code eklentisi yazalım.** Çünkü senin bilgisayarında zaten VS Code var, `.uxm` dili için syntax, build, trace, UIR, optimizer ve test paneli gibi özellikleri eklentiyle hızlıca kurarız. Sonra aynı mantığı istersek bağımsız **UX-MINIMA Studio** adlı Electron + Monaco tabanlı editöre taşırız."
"C:\Users\mete\Downloads\uxminima\ux_minima_x64_v31_fb\UX-FP V1\Decimal_FP_Sistemi.md","18135","3.05.2026 21:40:46","UX-MINIMA V3.1 için en doğru floating point sistemi **binary IEEE-754 taklidi** değil; "
"C:\Users\mete\Downloads\uxminima\ux_minima_x64_v31_full\ide\uxminima-vscode\.github\copilot-instructions.md","1347","3.05.2026 21:34:13","# Copilot Instructions for UX-MINIMA"
"C:\Users\mete\Downloads\uxminima\ux_minima_x64_v31_full\ide\uxminima-vscode\docs\UXM_EXAMPLES.md","241","3.05.2026 21:34:13","# UX-MINIMA Örnekler"
"C:\Users\mete\Downloads\uxminima\ux_minima_x64_v31_full\ide\uxminima-vscode\docs\UXM_IDE_PROTOCOL.md","514","3.05.2026 21:34:13","# UX-MINIMA IDE Protokolü"
"C:\Users\mete\Downloads\uxminima\ux_minima_x64_v31_full\ide\uxminima-vscode\docs\UXM_LANGUAGE_SPEC.md","933","3.05.2026 21:34:13","# UX-MINIMA V3.1 Dil Özeti"
"C:\Users\mete\Downloads\uxminima\ux_minima_x64_v31_full\ide\uxminima-vscode\docs\UXM_MEMORY_MODEL.md","472","3.05.2026 21:34:13","# UX-MINIMA Bellek Modeli"
"C:\Users\mete\Downloads\uxminima\ux_minima_x64_v31_full\ide\uxminima-vscode\docs\UXM_META_SERVICES.md","819","3.05.2026 21:34:13","# UX-MINIMA Meta Servis Haritası"
"C:\Users\mete\Downloads\uxminima\ux_minima_x64_v31_full\ide\uxminima-vscode\docs\UXM_TRACE_FORMAT.md","548","3.05.2026 21:34:13","# UX-MINIMA Trace Format"
"C:\Users\mete\Downloads\uxminima\ux_minima_x64_v31_full\ide\uxminima-vscode\ide_okubeni.md","0","3.05.2026 21:36:01",""
"C:\Users\mete\Downloads\uxminima\ux_minima_x64_v31_full\ide\uxminima-vscode\README.md","1012","3.05.2026 21:34:13","# UX-MINIMA V3.1 VS Code Extension"
"C:\Users\mete\Downloads\uxminima\ux_minima_x64_v31_full\ide\uxminima-vscode\tools\README_TOOLCHAIN.md","342","3.05.2026 21:34:13","# UX-MINIMA Toolchain"
"C:\Users\mete\Downloads\uxminima\ux_minima_x64_v31_full\tests\UX-MINIMA x64 V3.1 Tasarım Belgesi.md","191889","3.05.2026 14:46:15",""
"C:\Users\mete\Downloads\uxminima\ux_minima_x64_v31_full\ux_minima_full v31.md","0","3.05.2026 19:35:41",""
"C:\Users\mete\Downloads\uxminima\ux_minima_x64_v31_full\ux_minima_IDE_vscode.md","0","3.05.2026 21:32:36",""
"C:\Users\mete\Downloads\uxminima\ux_minima_x64_v31_full\uX_Minima_Kullanim Klavuzu.md","0","3.05.2026 21:22:54",""
"C:\Users\mete\Downloads\uxminima\ux_minima_x64_v31_full\ux_minimax_ide_tasarimi_dusuncesi.md","0","3.05.2026 21:31:02",""
"C:\Users\mete\Downloads\uxminima\ux_minima_x64_v31_full\UX-FP V1\Decimal_FP_Sistemi.md","18135","3.05.2026 21:40:46","UX-MINIMA V3.1 için en doğru floating point sistemi **binary IEEE-754 taklidi** değil; "
"C:\Users\mete\Downloads\uxminima\ux_minima_x64_v31_full\yeni tasarim eksiklikler.md","0","3.05.2026 22:11:53",""
"C:\Users\mete\Downloads\uxminima\ux_minimax_ide_tasarimi_dusuncesi.md","11057","3.05.2026 22:47:26","Mete abi, benim net fikrim şu: **sıfırdan editör yazmayalım; önce VS Code eklentisi yazalım.** Çünkü senin bilgisayarında zaten VS Code var, `.uxm` dili için syntax, build, trace, UIR, optimizer ve test paneli gibi özellikleri eklentiyle hızlıca kurarız. Sonra aynı mantığı istersek bağımsız **UX-MINIMA Studio** adlı Electron + Monaco tabanlı editöre taşırız."
"C:\Users\mete\Downloads\uxminima\ux-minima_6502_v2\uxminima_6502_inceleme_raporu.md","7756","2.05.2026 23:19:44","# UX-MINIMA 6502 Dosya İnceleme Raporu"
"C:\Users\mete\Downloads\uxminima\uxm_V3.1_Full_Final\uxm31_final_project\docs\UXM31_FINAL_ARGE_COMPILER.md","1257","3.05.2026 22:17:30","# UX-MINIMA V3.1 Final ARGE Compiler"
"C:\Users\mete\Downloads\uxminima\uxm_V3.1_Full_Final\yeni tasarim eksiklikler.md","0","3.05.2026 22:11:53",""
"C:\Users\mete\Downloads\uxminima\uxm_x64\uxm_x64 v1\pck.md","97360","3.05.2026 06:39:56",""
"C:\Users\mete\Downloads\uxminima\uxm_x64\uxm_x64 v1\uxm_x64 v1.md","4570","3.05.2026 06:39:56","Daha onceki versiyonu direkt freebasic ile yazmisttim. Bu sefer qb64 ile yazdim. Ama AB64 ile yazarken compilerin ilk tasarlandigi haline yakin olmasini diledim. cunku ileride bu sekildeki data pattern yapisina kendi acimdan yeni bilgi eklemek daha kolay olur. Ayrica onceki derleyici ile sonraki derleyiciler arasinda bir ara versiyon olmasini diledim."
"C:\Users\mete\Downloads\uxminima\uxm\complete_versions\v31_candidate_fb\tests\UX-MINIMA x64 V3.1 Tasarım Belgesi.md","191889","3.05.2026 14:46:15",""
"C:\Users\mete\Downloads\uxminima\uxm\workspace_references\gercek_durum.md","1207","3.05.2026 22:37:42","# Önemli gerçek durum"
"C:\Users\mete\Downloads\uxminima\uxm\workspace_references\yeni tasarim eksiklikler.md","0","3.05.2026 22:11:53",""
"C:\Users\mete\Downloads\uxminima\uxm31_FULL_FINAL_REAL\final\UXM31_FINAL_ARGE_COMPILER.md","1257","3.05.2026 23:08:55","# UX-MINIMA V3.1 Final ARGE Compiler"
"C:\Users\mete\Downloads\uxminima\uxm31_FULL_FINAL_REAL\gercek_durum.md","1207","3.05.2026 23:08:54","# Önemli gerçek durum"
"C:\Users\mete\Downloads\uxminima\uxm31_FULL_FINAL_REAL\ide\uxminima-vscode\.github\copilot-instructions.md","1347","3.05.2026 23:08:54","# Copilot Instructions for UX-MINIMA"
"C:\Users\mete\Downloads\uxminima\uxm31_FULL_FINAL_REAL\ide\uxminima-vscode\docs\UXM_EXAMPLES.md","241","3.05.2026 23:08:54","# UX-MINIMA Örnekler"
"C:\Users\mete\Downloads\uxminima\uxm31_FULL_FINAL_REAL\ide\uxminima-vscode\docs\UXM_IDE_PROTOCOL.md","514","3.05.2026 23:08:54","# UX-MINIMA IDE Protokolü"
"C:\Users\mete\Downloads\uxminima\uxm31_FULL_FINAL_REAL\ide\uxminima-vscode\docs\UXM_LANGUAGE_SPEC.md","933","3.05.2026 23:08:54","# UX-MINIMA V3.1 Dil Özeti"
"C:\Users\mete\Downloads\uxminima\uxm31_FULL_FINAL_REAL\ide\uxminima-vscode\docs\UXM_MEMORY_MODEL.md","472","3.05.2026 23:08:54","# UX-MINIMA Bellek Modeli"
"C:\Users\mete\Downloads\uxminima\uxm31_FULL_FINAL_REAL\ide\uxminima-vscode\docs\UXM_META_SERVICES.md","819","3.05.2026 23:08:54","# UX-MINIMA Meta Servis Haritası"
"C:\Users\mete\Downloads\uxminima\uxm31_FULL_FINAL_REAL\ide\uxminima-vscode\docs\UXM_TRACE_FORMAT.md","548","3.05.2026 23:08:54","# UX-MINIMA Trace Format"
"C:\Users\mete\Downloads\uxminima\uxm31_FULL_FINAL_REAL\ide\uxminima-vscode\ide_okubeni.md","2211","3.05.2026 23:08:54","Mete abi, başladım ve ilk çalışan VS Code eklentisi paketini hazırladım:"
"C:\Users\mete\Downloads\uxminima\uxm31_FULL_FINAL_REAL\ide\uxminima-vscode\README.md","1012","3.05.2026 23:08:54","# UX-MINIMA V3.1 VS Code Extension"
"C:\Users\mete\Downloads\uxminima\uxm31_FULL_FINAL_REAL\ide\uxminima-vscode\tools\README_TOOLCHAIN.md","342","3.05.2026 23:08:55","# UX-MINIMA Toolchain"
"C:\Users\mete\Downloads\uxminima\uxm31_FULL_FINAL_REAL\math_extensions\docs\UXM_MATH_EXTENSIONS.md","1568","3.05.2026 23:08:55","# UX-MINIMA Math Extensions V1"
"C:\Users\mete\Downloads\uxminima\uxm31_FULL_FINAL_REAL\tests\UX-MINIMA x64 V3.1 Tasar#U0131m Belgesi.md","191889","3.05.2026 23:08:55",""
"C:\Users\mete\Downloads\uxminima\uxm31_FULL_FINAL_REAL\ux_minima_full v31.md","155210","3.05.2026 23:08:54","Tamam Mete abi. Bu sefer **iskelet değil**, V3.1’e eksik kalan büyük parçaları gerçekten çalıştıran **tam bir FreeBASIC araç/motor dosyası** veriyorum. Bu dosya şunları gerçek olarak yapar:"
"C:\Users\mete\Downloads\uxminima\uxm31_FULL_FINAL_REAL\ux_minima_IDE_vscode.md","10400","3.05.2026 23:08:54","Evet Mete abi, **VS Code eklentisi** olarak yapalım. Bu yol en mantıklısı: hem editör hazır, hem Copilot ile aynı ortamda çalışır, hem de bizim `uxm31_full_tool.exe` çıktılarından **tape, stack, data, FIFO, flags, status** izleme panelleri yapılabilir."
"C:\Users\mete\Downloads\uxminima\uxm31_FULL_FINAL_REAL\uX_Minima_Kullanim Klavuzu.md","26911","3.05.2026 23:08:54","Mete abi, aşağıdaki metin doğrudan **`KULLANMA_KILAVUZU.md`** olarak kaydedilebilir."
"C:\Users\mete\Downloads\uxminima\uxm31_FULL_FINAL_REAL\ux_minimax_ide_tasarimi_dusuncesi.md","11057","3.05.2026 23:08:54","Mete abi, benim net fikrim şu: **sıfırdan editör yazmayalım; önce VS Code eklentisi yazalım.** Çünkü senin bilgisayarında zaten VS Code var, `.uxm` dili için syntax, build, trace, UIR, optimizer ve test paneli gibi özellikleri eklentiyle hızlıca kurarız. Sonra aynı mantığı istersek bağımsız **UX-MINIMA Studio** adlı Electron + Monaco tabanlı editöre taşırız."
"C:\Users\mete\Downloads\uxminima\uxm31_FULL_FINAL_REAL\UX-FP V1\Decimal_FP_Sistemi.md","18135","3.05.2026 23:08:54","UX-MINIMA V3.1 için en doğru floating point sistemi **binary IEEE-754 taklidi** değil; "
"C:\Users\mete\Downloads\uxminima\uxm31_FULL_FINAL_REAL\uxm_V3.1_Full_Final\yeni tasarim eksiklikler.md","59673","3.05.2026 23:08:55","Haklısın Mete abi. Bu adresleme **normal modda olmalı**:"
"C:\Users\mete\Downloads\uxminima\uxm31_FULL_FINAL_REAL\yeni tasarim eksiklikler.md","59673","3.05.2026 22:37:42","Haklısın Mete abi. Bu adresleme **normal modda olmalı**:"
"C:\Users\mete\Downloads\uxminima\uxminimabilgi.md","54743","2.05.2026 19:16:32","Mete abi, bence karar şu olmalı:"
"C:\Users\mete\Downloads\uxminima\v2 ile yazilabilecek programlar.md","14108","2.05.2026 22:49:01","Tamam Mete abi, **V3 yok**. Sadece mevcut **UX-MINIMA V2** ile ne yapılabilir, maksimum seviyede buna bakalım."
"C:\Users\mete\Downloads\uxminima\v2 karsilastirma.md","13703","2.05.2026 22:49:01","Evet Mete abi, burada çok önemli bir kapı açılıyor: **tape sadece bellek değil; kimyasal ortam, DNA dizisi, RNA dizisi, protein zinciri, reaksiyon hattı, hatta hücre içi metabolik yol gibi düşünülebilir.** UX-MINIMA’nın en güçlü tarafı zaten bu: her hücre küçük bir “birim” veya “konsantrasyon” gibi davranabilir. İlk tasarımdaki sembolik/pattern yaklaşımı da böyle deneysel sistemlere çok uygun. "
